id,output
1,92.85901704237459
2,99.60045801898205
3,144.22445927975036
4,110.59864216080955
5,113.18709202145033
6,133.29518432770328
7,68.04904806537928
8,116.7965259935434
9,127.32067181845966
10,103.62049218262989
11,94.53995389009047
12,105.27177618517835
13,112.2856951455423
14,97.09773899923302
15,103.2171512985984
16,76.75701540533345
17,101.44382353769555
18,60.94684917434234
19,105.04388690621616
20,109.18842390306584
21,100.50809243195276
22,76.4783947304708
23,105.44622292060807
24,105.90458638413028
25,101.99453929647574
26,95.35902723205461
27,95.12427348047584
28,109.40132776418318
29,111.23701539599674
30,82.83278714780754
31,98.59175939490228
32,109.79626524982376
33,83.89965364976696
34,121.64004655417288
35,66.96031967945122
36,99.2676065266344
37,86.98925435224983
38,91.87787700415491
39,94.2740809104853
40,99.16361990832225
41,92.70465679779109
42,105.56358561681994
43,85.96968558192182
44,87.47986162859385
45,124.73579385375034
46,116.90173645970305
47,77.37613479695776
48,98.893922940924
49,79.73614692466245
50,128.67133487909635
51,131.1274143802059
52,118.82126552355072
53,137.10022976620928
54,87.01043214195388
55,95.71321722846073
56,121.85202430427354
57,93.86263436912206
58,93.50697430009038
59,104.09486666479437
60,97.07893789090475
61,62.41210576938849
62,92.57560568318249
63,74.19298052790737
64,69.13330270181038
65,102.68946943193552
66,109.62325636449754
67,103.99301114980479
68,104.47867121515239
69,101.3959929402596
70,124.74676086982441
71,106.13906840607139
72,131.24356213788022
73,109.41556345400662
74,115.47182138229796
75,93.13674285978617
76,130.04372729335878
77,85.50726203678867
78,80.24233343459872
79,86.06991058987225
80,83.21169437582424
81,80.4557486472097
82,102.44407078001633
83,150.43757688548115
84,96.39308986523687
85,119.23815613446219
86,119.55000532528832
87,129.26550686772296
88,103.97236663494931
89,89.50132094205162
90,103.49302606033667
91,100.86342119433458
92,84.54784041528781
93,100.02676021381176
94,117.00829543036122
95,118.86529127448063
96,108.7234072287652
97,102.436679732933
98,78.02488598704647
99,106.45685595689345
100,86.53596238259621
101,121.21484018474965
102,100.48909380575189
103,95.10220479523254
104,92.21773395705755
105,93.33936878212306
106,85.32277284259574
107,87.35148350399322
108,95.37274596311464
109,100.70527049755533
110,96.94605144892822
111,99.80190806898041
112,97.30280463360336
113,114.00149322273425
114,119.54446553874011
115,65.32338153674586
116,92.99489670236247
117,99.67737401381325
118,56.90205790409963
119,117.04350913078812
120,88.87094959797298
121,79.03826865315665
122,81.83424061078912
123,102.63751850604594
124,121.18646179698747
125,117.32461418111993
126,89.54845248701112
127,126.7465109275727
128,103.86804912762592
129,79.78806865259072
130,122.96165175432157
131,93.42490640502449
132,120.88776394078015
133,98.82914358848137
134,115.36968234931759
135,133.76381959287858
136,116.47781911451364
137,134.92919086490198
138,75.93706370916037
139,83.63342053000932
140,141.58612911687698
141,105.32947664435237
142,100.7235933533899
143,111.37102695142525
144,84.17694378529876
145,79.38262979080625
146,114.50358780438218
147,86.62117379406541
148,81.67713616753156
149,90.99379440908332
150,109.38359419911895
151,117.04590400496222
152,105.50436117397985
153,103.37691323005392
154,106.83503921007733
155,79.02494702390777
156,102.45270867491818
157,115.76514443384579
158,106.99278784038177
159,75.05492482324343
160,99.48488167658077
161,86.32404190250095
162,101.60457986414198
163,93.14623872098414
164,86.66934810914812
165,118.20886076012196
166,93.89762738156239
167,109.41918520954383
168,95.1744755231471
169,96.26898499272458
170,95.01741458189862
171,133.23179125572545
172,128.48443091624625
173,85.35629435620777
174,87.19700723604517
175,108.95696484831115
176,130.64724875769508
177,95.71201162601311
178,68.00848779149767
179,125.65675573264366
180,103.09384790563192
181,93.08052581807208
182,85.55246156272479
183,108.4800007270171
184,101.23632854945735
185,112.78233233673932
186,73.44555473440934
187,92.58493121081158
188,75.80549303234116
189,80.16488746990773
190,100.44509851824961
191,80.8180833111513
192,124.09346055675957
193,87.58120458428564
194,95.2574077410225
195,122.28704975038059
196,116.09969888591873
197,100.36517586215892
198,94.68364432652984
199,80.64623723901178
200,100.84855071497725
201,99.92923088376685
202,89.56056211463337
203,98.90569666579715
204,90.03798254125591
205,52.29248803517282
206,105.38461934654059
207,66.34903810688945
208,76.3089163307761
209,112.77539355616975
210,29.996104703821004
211,96.24385134709391
212,86.33316021897821
213,111.40569766206579
214,86.20572821284465
215,117.51837960825193
216,120.4430993523699
217,111.09582388313545
218,98.34779439796137
219,116.00902702841812
220,76.67827437189766
221,108.16549257505393
222,87.14006830870508
223,100.02197481620836
224,101.13057693578463
225,85.17361927243915
226,70.51400134841766
227,115.51950212364332
228,80.33983980400112
229,113.21925358202299
230,101.30095211110006
231,91.84445118137809
232,122.6750153575592
233,117.62187675615374
234,133.030447097613
235,59.965779174742245
236,71.4306933397963
237,90.17188947842368
238,132.15913662711165
239,84.26416240981068
240,121.23394712404553
241,93.17069734727325
242,109.4456001332878
243,123.60287898128122
244,104.95141341717272
245,104.75721727789227
246,109.81365495410826
247,99.63358223116701
248,132.25121270944697
249,86.42509025763202
250,95.00170950532035
251,71.04046297887297
252,106.55043766693257
253,80.0814486893771
254,110.16834985391179
255,99.73434105827634
256,107.9704847600236
257,104.34302000295997
258,112.7894176219321
259,130.9671367362613
260,106.63996068449632
261,127.33095393435593
262,98.78086975767812
263,79.83384108555205
264,105.36071827047014
265,92.50109190752713
266,107.33865496401623
267,85.69317272595018
268,77.92440924497996
269,73.35758353855284
270,108.60772049577218
271,98.81418629125797
272,92.88586191374219
273,81.91887513071384
274,114.75616606894887
275,76.99484330226892
276,99.1178733494655
277,106.67420344632437
278,83.81404176249573
279,92.21465580560165
280,112.58096821188657
281,108.66951419923555
282,77.82096086931344
283,109.6776166620819
284,82.686396101562
285,108.93639590286213
286,100.20573468410394
287,94.87312708176194
288,86.85852826065131
289,87.66748331515574
290,92.97164443549332
291,75.48428226155141
292,88.47663316358243
293,142.9089134999241
294,106.92166142126166
295,118.36492836031933
296,90.81244304628353
297,71.14336065286415
298,98.31750141142234
299,87.23326093135711
300,93.30835618401962
301,77.08229057414003
302,78.49737100006274
303,91.6488276734192
304,105.53230909319471
305,81.92241278731562
306,91.272742346194
307,76.00564131368333
308,67.63388557676964
309,96.97454507261169
310,69.39452632461366
311,117.15018973798249
312,98.48231287480992
313,119.29824768297749
314,112.75713904266314
315,88.57480959316983
316,98.90532352446327
317,108.71099647699324
318,122.13373998674037
319,84.37830030688822
320,92.22392736028303
321,72.02182304385437
322,111.03164648584043
323,79.87738278384252
324,106.10534839516066
325,82.93064151688918
326,93.49473434520381
327,109.97427128741761
328,77.14780219597175
329,114.49844113747034
330,81.76936966002546
331,93.1080984565532
332,96.87012710180849
333,77.77220142757466
334,119.54979217280064
335,102.83689408284532
336,98.51462042282465
337,93.06200971991694
338,107.07914927668034
339,108.07753730266607
340,74.61963120970773
341,103.48143176868048
342,93.16833716376851
343,101.56697784427894
344,93.22433905208847
345,130.9516819181082
346,116.32868018394734
347,89.82051377573194
348,83.35719350356993
349,98.39473515770281
350,92.35889288555636
351,77.3827509181077
352,145.14767947814804
353,115.99951063405713
354,104.05030770151336
355,100.04671298087642
356,83.79538272780799
357,44.281730579797
358,108.7397672568148
359,98.45460243498866
360,76.1860619873708
361,98.38232395903745
362,100.0342287414602
363,96.79598006083243
364,109.96889290183469
365,96.07759418718362
366,52.58740394261823
367,102.06178270641354
368,96.19771736589031
369,92.19575621539008
370,83.07590374408963
371,58.44553882375489
372,92.13524888659957
373,90.11313369574835
374,104.33676664376449
375,97.23291107819269
376,130.17526418391452
377,107.37901047158599
378,74.53151231651626
379,129.32064908861156
380,72.2586828648935
381,113.88525624664683
382,93.74645371870255
383,94.30044538957219
384,83.22726403570773
385,87.52331244149498
386,121.41113289192312
387,86.51702510325109
388,68.16407128635085
389,105.41213629929045
390,117.91777121709787
391,102.61300313912173
392,98.53521366355777
393,85.00269955194737
394,94.59459641638574
395,113.05570922477392
396,97.75179135380678
397,111.90326544214723
398,102.92512150047445
399,70.35643855994445
400,92.28148563666625
401,103.06133561323689
402,88.90100111786946
403,93.3962477214271
404,124.55558282720088
405,78.98826335250388
406,93.19580479241388
407,69.88876573481288
408,101.21168623080938
409,81.13660628445884
410,96.90457287959953
411,99.48656963123653
412,100.89571189730867
413,76.84177503713163
414,74.5123993906467
415,92.75784665801277
416,117.66237373060332
417,85.23843506584808
418,106.74772286007058
419,85.33097639469224
420,79.46284077130073
421,100.68306328372476
422,48.58112375395275
423,73.66565313147697
424,84.12695328955759
425,91.4807483170045
426,89.55093289527932
427,87.46896991938033
428,79.7815422701146
429,80.56381299801596
430,75.40168316212808
431,113.7560569672447
432,97.98316101057115
433,127.06541807594704
434,95.36412681897615
435,98.95963298381041
436,109.39849341492547
437,76.94679712430894
438,103.8450175909887
439,117.29578580129493
440,131.06124482413009
441,138.2241022704356
442,72.3980073076558
443,75.1164479812887
444,112.10806303744661
445,115.83447590659594
446,78.29425963131818
447,96.47907404259121
448,73.35506833740665
449,88.36348649219453
450,124.09023160389327
451,102.49643902567331
452,97.8597363097013
453,90.69217802360961
454,102.95720976087367
455,136.1267468927731
456,91.02585474113766
457,102.93155130934782
458,118.10070400168193
459,99.27912259017295
460,84.61689260254495
461,95.86398948723672
462,79.91249977264563
463,96.727058291496
464,75.20471279587932
465,104.64380525410377
466,99.57925864577777
467,103.49487490334982
468,94.92977127207135
469,95.3586399755848
470,104.82201405218025
471,91.3946183900939
472,103.61792979073476
473,102.61851593362704
474,90.9701293552987
475,72.19538075865621
476,102.73145904206596
477,150.76058813387243
478,86.09415125955032
479,99.5661559926332
480,121.80167770517197
481,35.23947043148226
482,94.20179904910263
483,119.14270770635909
484,95.76383594388986
485,98.63079302038412
486,91.61116895377164
487,108.17924592021639
488,118.24088215445379
489,86.02206087435934
490,107.47028900620252
491,108.34946062157819
492,81.8169882097058
493,98.59380503669817
494,88.36516699010228
495,4.572385442350011
496,81.2427633237772
497,93.11096160779346
498,106.30815163658647
499,87.25830070109824
500,78.91084139638455
501,98.61413456169744
502,117.6699940747979
503,81.82558076757918
504,76.32234684202993
505,113.37487611855744
506,97.49903878114694
507,100.19120218697445
508,78.46555774412127
509,111.16108593871938
510,79.26878750266557
511,97.22757374349472
512,105.73702355203771
513,112.09548160278479
514,115.09193496832218
515,106.10132597249215
516,104.82275779261055
517,94.58346520566866
518,91.91819641943601
519,97.661584328666
520,65.65192984504662
521,94.40394832882768
522,119.38341916884136
523,91.83820371232517
524,87.62109783154997
525,78.97949405684628
526,126.56557071856537
527,108.20752716280685
528,99.19317169121507
529,97.45067840422249
530,92.19038045993229
531,113.94574796104351
532,91.77335759146203
533,86.78116122044293
534,104.41609740284558
535,116.58324984905818
536,100.0875790187041
537,85.83947084596758
538,78.93598588558612
539,115.02897197720651
540,114.14817352591893
541,77.96233239075616
542,87.93218090333092
543,99.89146725651078
544,101.96675314813034
545,95.28499216938833
546,80.32688637904593
547,98.44065016285543
548,108.63241345765351
549,88.13839827431819
550,102.21208869527223
551,85.8037261110998
552,90.95041744613029
553,82.16410873460121
554,90.51638479658374
555,112.15085696029873
556,138.0819155138196
557,81.04542444218242
558,86.26260728811454
559,101.5980716584089
560,101.77391167066895
561,75.84855214305723
562,98.86833955893077
563,116.00215618123367
564,101.36356053651384
565,79.54071294961355
566,126.18767311868899
567,71.08910512791984
568,92.21014790543835
569,83.87236366384207
570,106.17679970445131
571,118.51900721190293
572,108.5811661133079
573,103.42040948679912
574,87.45706365701595
575,90.58071335072115
576,57.226545641721245
577,102.72450461511619
578,117.8251303666585
579,103.46440432842468
580,85.58311134228691
581,74.71449326174184
582,79.69945877686068
583,101.5286719395004
584,101.78989274083511
585,81.03770898165845
586,114.3964193100931
587,95.61304951403812
588,82.94473878465855
589,98.44575830195345
590,74.02889315287302
591,96.69858833947434
592,81.77034019537231
593,87.69381529561795
594,136.6371923728028
595,108.8489601633263
596,107.32581164093608
597,79.98055765937694
598,57.18969950380962
599,80.58174048793367
600,106.39665996504223
601,98.7719926200662
602,124.91642750473628
603,86.62703881167195
604,105.46019890004402
605,107.23014138531887
606,81.47804509067706
607,100.48731039048702
608,111.17388411834892
609,76.23283181838265
610,86.29299312398027
611,72.33590981496302
612,81.72471910968358
613,100.26725621068127
614,116.0838894635954
615,103.07968953246218
616,78.44365039512957
617,86.59216007964191
618,109.87617506775297
619,91.08289467584233
620,93.76172695781622
621,106.89650431902683
622,91.41443888137731
623,81.27209408465453
624,104.05340678598313
625,98.7616479481123
626,74.72032150100196
627,92.26677567368637
628,118.31487604175541
629,132.611686351866
630,94.3940539564655
631,99.68379773752278
632,105.95419565523929
633,98.43764040866456
634,118.2766004355686
635,96.84748423809488
636,124.70981044223518
637,90.35156725781509
638,100.93110433626549
639,82.65883524919902
640,59.990072799767766
641,104.25759700783874
642,101.53310338524832
643,100.72112701947086
644,131.4930120448409
645,94.11176769422138
646,121.66888932206625
647,91.56333353445284
648,71.26616999338758
649,111.66086076526933
650,83.42868245580496
651,75.74787193324713
652,123.51414820839322
653,86.66939827350781
654,98.62190865221638
655,46.1601957829601
656,109.36116702903047
657,104.85567685999912
658,98.56608387080573
659,153.89687831184722
660,83.27807354678063
661,71.45411677442277
662,101.0736170262405
663,91.83193709518271
664,73.63423222830957
665,124.91992591562584
666,105.03258454234654
667,123.07450958904448
668,116.95254490013636
669,115.58992458970557
670,104.11127053107853
671,103.23497373159418
672,117.45216734238994
673,116.68691383167163
674,104.90522494867545
675,154.83962699167486
676,20.00820087423513
677,100.51332260406666
678,78.31718922072753
679,98.289125479141
680,75.51819723301143
681,107.4861063907121
682,125.72493438613549
683,106.53520386397656
684,109.9204477450094
685,88.86318163803472
686,129.8694541488432
687,99.82710806064016
688,80.10047392499247
689,115.2442515097494
690,96.78593011732622
691,108.85390765486319
692,103.3596680667373
693,87.41531944276745
694,101.22419243509981
695,102.47187887093388
696,115.76057908542792
697,93.3058933868896
698,102.66121878517349
699,94.90752104645865
700,119.74468430285756
701,104.51417595153913
702,98.95658072897159
703,91.58608059999808
704,102.05903934794861
705,89.83127696701605
706,94.5942438781205
707,92.31981176215066
708,63.07406080559625
709,102.0130989737107
710,89.58298777683014
711,90.51522950816913
712,103.27411968081753
713,114.448813361135
714,88.28044628045018
715,95.62201253408048
716,105.22482393007202
717,86.35914068256446
718,90.12688546008522
719,107.66604978865772
720,107.44013751044125
721,101.06038442063046
722,83.40561107136017
723,70.68683526944847
724,106.6903496070318
725,93.16595089377397
726,119.42958657402448
727,80.8771651675627
728,105.3568011286393
729,105.68215872161969
730,87.56519700930977
731,94.0199375084575
732,113.04295084784715
733,102.87242237807936
734,100.89444059858494
735,84.86733408992256
736,90.5523013483727
737,94.80383978367178
738,60.52671915575159
739,85.45451741672271
740,83.41835135286686
741,85.94704635883353
742,89.15659057012614
743,103.13572151862296
744,114.50544522105046
745,79.43159088125287
746,95.85158224190415
747,85.63300956827382
748,111.57197277255632
749,54.27861898295826
750,99.50317075245317
751,78.61140474026003
752,98.02565770981906
753,76.267827823954
754,89.75754011695678
755,101.73119181059778
756,99.95154818905505
757,100.48061676786376
758,115.919100122321
759,84.14612882717964
760,99.98841600074024
761,100.08612509852466
762,98.04248986665938
763,96.66474653937559
764,90.24248948103923
765,93.4304399780988
766,99.20713034908937
767,113.64523778393273
768,94.36766242364239
769,72.64902131403963
770,110.9027235056405
771,162.0580149296202
772,89.64645803354479
773,89.31087660512325
774,94.09566628571987
775,123.28768486820141
776,127.88530614209338
777,90.68974367491867
778,94.1665919517103
779,104.81107877694599
780,93.35557406789987
781,93.82391468495027
782,109.65809088428567
783,84.09059282431889
784,79.19041613337296
785,86.74097433174153
786,102.19357058957907
787,80.6643359118591
788,96.86854943957306
789,86.21119762646909
790,122.70202764045075
791,110.68622020887169
792,111.53506970185505
793,98.06528204734063
794,101.23175934415796
795,94.22885294349574
796,91.5017141379369
797,74.28094412940285
798,64.83331096025206
799,43.90631393024137
800,97.33554985560468
801,100.76302216152988
802,65.90967387187328
803,92.32083081047726
804,116.07317176064929
805,92.8704335814912
806,96.72919754944316
807,115.24361808190459
808,87.66653220307866
809,115.47060021578477
810,84.64596257483672
811,76.51448106098167
812,115.4967697679835
813,82.61388790874099
814,86.37063213205789
815,91.74075531624186
816,77.77393774153265
817,55.061408935086895
818,100.07086330283602
819,105.72093898265878
820,109.62845397556015
821,98.83397897740187
822,91.2805283919177
823,100.98095360010616
824,118.30770470206662
825,77.18592812121777
826,114.92000529937579
827,88.71490824431581
828,91.2539471882502
829,97.53729635708542
830,52.29320258315097
831,79.17840520515719
832,119.34048339371341
833,111.96031837426553
834,110.94929898550457
835,75.16681172065586
836,100.15797168204048
837,85.93837715770876
838,91.27285546512769
839,101.72477057072092
840,76.64913315242349
841,82.02995215424
842,75.75349778904095
843,102.70923449131257
844,130.31111925208566
845,107.63135730616136
846,115.09213729788874
847,122.35626448200578
848,80.35497337259234
849,98.68912414173329
850,75.31682286944131
851,102.38104053622864
852,132.88129112052565
853,105.30542851008822
854,99.09541611885302
855,119.16260538383155
856,87.41854065269655
857,86.70854923025927
858,134.6177871981833
859,84.92707896551465
860,86.6666624328213
861,124.06004013736606
862,92.5213177783334
863,120.36027549117435
864,93.79831176933969
865,100.79385497630132
866,83.7464191284363
867,91.23677235548088
868,97.69516405772558
869,90.94578021446
870,87.19398877092712
871,77.11118270880488
872,105.21622854349468
873,82.11259591446981
874,92.63191880092917
875,115.8696832105417
876,93.66849974929735
877,97.41822672118418
878,83.0566411249915
879,78.28732358873945
880,101.0367325607135
881,106.37315904259475
882,78.75699488207455
883,89.82728189605663
884,104.3686932705461
885,88.05266768754879
886,100.81371245263581
887,87.31403409817577
888,113.41304059052321
889,97.65892380627237
890,101.04345592174788
891,129.9364558878069
892,101.78915386614744
893,75.21957753205518
894,89.83573236809445
895,71.20692904265738
896,90.51458681377697
897,106.05081458785092
898,113.6349695253628
899,34.34947291033524
900,112.52793869176605
901,113.68815950482289
902,101.56332599320586
903,79.91230762479539
904,96.19169824655458
905,94.14309004087586
906,84.32761729671373
907,84.56944347372283
908,95.04589018343496
909,86.34849169505628
910,55.159337224501414
911,126.0675784313832
912,85.93444019036184
913,90.20441918905492
914,117.45094304073719
915,91.42420593836194
916,100.6762373645121
917,82.28504655305412
918,111.35954141956586
919,95.031266336102
920,123.05583739592439
921,93.7209831363076
922,120.6801752547101
923,87.31762833136914
924,115.60847111366596
925,94.22220510476998
926,72.39987004230872
927,97.39653920794142
928,116.9136253404649
929,88.34443801301288
930,88.39218588511153
931,102.36119213259788
932,91.26486440641807
933,109.49691011275377
934,71.54514923847013
935,74.91247673786731
936,113.51020859066749
937,87.4313756394313
938,120.91770312766238
939,80.27314373937092
940,96.93315005324634
941,126.60018586122862
942,84.92572230484154
943,115.76282106734133
944,83.70488123705618
945,80.56493856592836
946,100.16707057484902
947,78.92152372515842
948,76.39305384782517
949,88.73156934408186
950,116.96145750913726
951,111.95992329678892
952,77.6146713774371
953,96.7441827998685
954,84.16841633896769
955,123.133748383474
956,84.82570160374395
957,106.86487829988747
958,82.7908969782539
959,112.58047722924056
960,105.12358842025924
961,85.45587464697564
962,112.38682782275039
963,95.73096776420434
964,90.09474100442455
965,106.49911953403831
966,95.80231549542742
967,84.37554046996242
968,104.65236647966744
969,114.5964295413601
970,82.16823100451118
971,118.91073398498108
972,103.0476428655677
973,96.83851700916155
974,122.25800327904085
975,107.94022276349583
976,100.3432754332734
977,108.51794905643456
978,96.43654696814592
979,90.55198461811325
980,79.11390456895975
981,95.60928823340478
982,93.08300553197978
983,93.39888570422477
984,138.39211031303978
985,105.62874252670055
986,94.07094489163049
987,87.43600658040985
988,113.6712417403738
989,82.51621327581299
990,95.69346033009545
991,114.02769141818457
992,129.15248601345132
993,109.36834213850968
994,121.46807814125636
995,100.45483729494768
996,81.02904851820668
997,116.09022722214576
998,118.6731181431924
999,90.14256522200066
1000,66.51113933610134
1001,100.96950531702379
1002,89.72094012547326
1003,96.63882234993068
1004,78.57306207173245
1005,74.8435183875223
1006,81.54635099351766
1007,101.87551225565574
1008,106.52423366364559
1009,120.67632673479974
1010,112.48546322473862
1011,87.76219927162668
1012,100.77486919155119
1013,132.53788683305982
1014,106.9247234088813
1015,142.3517116197539
1016,123.54875660100754
1017,86.3355256644057
1018,92.60057542246378
1019,123.25434536600852
1020,92.22505456925143
1021,68.71056178604229
1022,120.29148508015822
1023,92.84189285280956
1024,78.8933256019611
1025,70.74864263674016
1026,70.33668881872346
1027,111.16308272249996
1028,94.62447931430577
1029,79.074541240255
1030,51.68754577054814
1031,90.1406289851281
1032,84.38571893657
1033,91.21104363993086
1034,123.27220029558418
1035,89.99372456742532
1036,109.37721769474223
1037,97.67376580123772
1038,80.65783960749197
1039,83.77579986282569
1040,99.03874613139709
1041,87.34312750186518
1042,146.9852176483157
1043,92.75970601765673
1044,105.99683791972879
1045,96.71442678954818
1046,90.46531423091162
1047,132.30476234403892
1048,127.113866554059
1049,105.30335094610409
1050,80.98179145983241
1051,109.51871228561056
1052,113.23265681844778
1053,75.53899499126814
1054,68.21553906940193
1055,72.94135238886989
1056,108.34802262570255
1057,91.42942342296955
1058,91.83958211369414
1059,136.83426075181006
1060,107.43218669850847
1061,88.0378324447565
1062,94.28975253889882
1063,122.39275858118451
1064,91.33275526688122
1065,109.93897650542146
1066,78.93626350002518
1067,86.1795224551951
1068,101.16964493242196
1069,74.37583433648506
1070,112.24591794115302
1071,64.88158901981421
1072,121.58797483331425
1073,93.0546438150361
1074,97.96677359132731
1075,114.62513200657409
1076,119.24907286772502
1077,101.84610894565793
1078,94.81335571674497
1079,84.73621473066086
1080,102.3546731612454
1081,128.33471539270425
1082,98.34718388514786
1083,84.25234352470623
1084,80.37430847529387
1085,85.10982808973579
1086,140.58950739084588
1087,71.50760526154635
1088,90.59809133354798
1089,115.94744109711522
1090,69.14268670286286
1091,106.606258420865
1092,77.32344020075436
1093,78.99341720446301
1094,85.20367981475816
1095,103.68823037861083
1096,122.58449468706272
1097,87.50351543314774
1098,85.45515731395302
1099,83.86185412803471
1100,83.68328798600236
1101,85.47758388675732
1102,103.61005483911374
1103,96.18019224654962
1104,102.7792511679118
1105,96.37291471036677
1106,96.72236489192365
1107,124.45754175910469
1108,87.31141733022537
1109,125.95102394444251
1110,116.51031681724761
1111,115.87624838268168
1112,109.02164327463782
1113,97.37886701873016
1114,88.32901822539475
1115,92.94732944050163
1116,72.85438984313014
1117,109.63539551383343
1118,104.01856116553861
1119,99.2581319490189
1120,97.00905390384601
1121,63.938227714601105
1122,101.53902888063783
1123,91.64490090482876
1124,98.62652923521063
1125,107.95420008075402
1126,89.82013578306224
1127,51.35552267929733
1128,85.60133477734772
1129,86.31293865883237
1130,78.53053992532082
1131,92.72437743282251
1132,125.54550570358832
1133,82.60425589024243
1134,79.75647257114012
1135,97.14911376629017
1136,95.38012368039278
1137,88.8831896150355
1138,117.59696042620105
1139,129.40265115351673
1140,130.39209482299907
1141,79.57361592567122
1142,101.96088240065127
1143,93.90877005712002
1144,112.21369440039194
1145,76.74739652427199
1146,85.21452943395302
1147,74.89146240888579
1148,89.18445965574058
1149,78.22020900932628
1150,111.83595746856896
1151,82.27040879196765
1152,72.56334842290404
1153,97.7610299833642
1154,91.61871051635684
1155,90.57345154527006
1156,82.10568307804941
1157,94.25458178859078
1158,74.36571188812391
1159,83.64536019545854
1160,101.84567910334965
1161,84.56701328267098
1162,73.26748537569914
1163,115.13976436267578
1164,111.48412561174372
1165,98.99109400484062
1166,106.59193897114079
1167,101.43391245175832
1168,103.46414561160525
1169,130.91661604851308
1170,110.16238894871228
1171,104.54389349440628
1172,103.33272038717519
1173,97.69800529143612
1174,109.91499622976247
1175,111.61094753399544
1176,81.04381985288438
1177,130.00736108505865
1178,87.42896636468043
1179,105.61541827952836
1180,100.3300288072934
1181,130.81057771725943
1182,81.8362606023679
1183,76.23846423598877
1184,94.97641345640577
1185,79.8116689502001
1186,117.62398267554401
1187,84.25760647656278
1188,83.81470137989467
1189,91.81876123745431
1190,90.64514107214822
1191,106.83540337400754
1192,100.49196908186013
1193,106.96936298518051
1194,75.6382594414664
1195,101.62928785126581
1196,104.62429781834244
1197,93.4901226108157
1198,95.28291013457901
1199,97.80418279972137
1200,95.41372298887994
1201,126.67265136571874
1202,135.10840296046874
1203,105.51861377561126
1204,90.89195065230054
1205,106.6078075237812
1206,107.5189662275526
1207,77.00696135244696
1208,94.67608048262983
1209,131.53361090250698
1210,79.50552283484018
1211,91.63331814350562
1212,107.64710876537973
1213,96.97336468198522
1214,63.9619021985967
1215,75.98228076187092
1216,130.14543578359152
1217,108.79635852466619
1218,100.30802141142712
1219,87.956744699741
1220,129.8613818122599
1221,108.69262227329234
1222,107.73595792627171
1223,85.68424450805661
1224,106.67500189525987
1225,128.69196952470878
1226,101.8435119084475
1227,77.42822813981014
1228,96.1084822709908
1229,104.1913884885343
1230,140.99893541512543
1231,110.20645785916034
1232,101.18261435535904
1233,96.36238527927233
1234,88.90721640344451
1235,60.27723042229398
1236,86.17481296856577
1237,120.30269965590432
1238,108.26421667074897
1239,109.24269857946204
1240,99.44892858049197
1241,102.59811736398174
1242,83.04117347846217
1243,114.1527146468841
1244,89.977241129346
1245,110.71302925505154
1246,110.94235608997442
1247,101.38958849402903
1248,90.97703130840027
1249,96.26985825296032
1250,74.33967850358933
1251,73.64296108422478
1252,109.63051348983217
1253,81.83982626336643
1254,100.49872636931212
1255,36.80528890258195
1256,96.11822812770974
1257,98.91513951314019
1258,85.7448613737142
1259,115.94794897001135
1260,101.68491200984707
1261,77.0224661948998
1262,103.4987712158114
1263,103.39016904858094
1264,96.23107763387732
1265,84.97836311980683
1266,108.6950222696791
1267,105.67998089826867
1268,71.63007019379245
1269,93.48029267933775
1270,137.818455997476
1271,82.35149132603118
1272,98.05544391224981
1273,133.4093999808887
1274,83.38378904242423
1275,110.05972577238097
1276,135.77827283124876
1277,130.6265410454095
1278,98.00000255708825
1279,81.96776534500363
1280,91.83262943396025
1281,126.86393853255207
1282,95.8533855144579
1283,94.88996552768744
1284,93.54708231497249
1285,58.7330325680956
1286,115.56811798169734
1287,126.65253011003381
1288,84.18659632551437
1289,124.97176647749845
1290,115.39594932844369
1291,94.5036050020351
1292,82.2478863823142
1293,87.50954730961327
1294,97.38710280863909
1295,96.8571185921181
1296,49.43854359854202
1297,100.71479966074668
1298,95.45803942226681
1299,92.10536414177498
1300,94.59111229981758
1301,102.12997122289906
1302,104.37990499182663
1303,74.63916654408077
1304,89.70047254530051
1305,91.8336404996142
1306,85.64171037452596
1307,70.79000699974047
1308,91.17372075768516
1309,103.77049636506264
1310,111.97348976031529
1311,130.46542126958178
1312,82.60811346019663
1313,111.69172446876368
1314,89.72668271482883
1315,95.83264354545311
1316,71.71898447657013
1317,90.93593670010054
1318,124.08738903577785
1319,72.975371248289
1320,79.57619006714408
1321,111.70997397039888
1322,107.51547760263131
1323,112.6372534359236
1324,121.21967289431414
1325,113.22930676971183
1326,74.72172945270715
1327,95.73609862220451
1328,93.04482104113772
1329,91.25108338929218
1330,116.57098181564328
1331,99.6367697716883
1332,98.83208894248067
1333,82.06585062320534
1334,123.11111979572297
1335,74.38153400173445
1336,75.88415957004318
1337,90.77694609199915
1338,85.80993704061322
1339,100.53124099658926
1340,91.49728153055604
1341,105.02015005685759
1342,104.27532342710153
1343,81.18193870396593
1344,108.69438857250124
1345,84.62245751597824
1346,99.474211551531
1347,93.88463424627015
1348,99.87973868613182
1349,167.439164546354
1350,81.29543800277517
1351,119.86978813667793
1352,79.24953020497477
1353,69.38327654608455
1354,83.24230463033962
1355,83.39130445402064
1356,126.11361531570807
1357,127.8385828112799
1358,146.00182371114553
1359,92.88733206599055
1360,94.73542343086363
1361,100.00334018517727
1362,80.4742714243922
1363,80.1709951891577
1364,98.63567801552536
1365,116.88446155238685
1366,84.86022492435917
1367,106.8195907542233
1368,143.73080453158303
1369,115.6330602626014
1370,88.80272218901264
1371,93.28902446626181
1372,117.01059483570651
1373,103.3371741094759
1374,99.00719587436718
1375,146.45843384510522
1376,102.00486311846674
1377,69.44097290509553
1378,108.50472013239795
1379,84.17182002780206
1380,102.67019033575104
1381,108.71345404226228
1382,115.81024825253145
1383,97.30822904931405
1384,83.83395502449231
1385,100.97848771830421
1386,77.58863373550965
1387,96.71663908636226
1388,121.63280034797687
1389,85.49733018939293
1390,118.44312194221992
1391,89.99583108499233
1392,86.56091045924263
1393,101.26553523391534
1394,90.9996833288834
1395,85.48132361931852
1396,124.15836247956597
1397,99.42388930714544
1398,88.93963978556931
1399,92.36014928019745
1400,39.81198831450896
1401,87.75012946072837
1402,101.33481321154927
1403,92.99360619114763
1404,83.63323949193465
1405,81.78402935584263
1406,94.06825728355682
1407,125.5828643896347
1408,94.79205933053753
1409,130.27681447690924
1410,100.3857679768108
1411,99.4007994954483
1412,68.53794273316295
1413,111.15129953614073
1414,89.627318815373
1415,98.54426224051493
1416,110.96073458275494
1417,101.76327146689451
1418,103.44977140950441
1419,86.41813630478583
1420,102.57573617101089
1421,110.45295939303998
1422,91.34867299878596
1423,94.54183602077904
1424,120.35169388562936
1425,72.99624794675219
1426,106.70358938664413
1427,117.24919671098564
1428,116.62419019550059
1429,101.19487136965266
1430,111.38335772135231
1431,101.99295875105686
1432,95.46128736414187
1433,85.51124768126013
1434,107.60131065065494
1435,114.56178527860038
1436,119.90907645426586
1437,97.39521363469245
1438,69.80989502902386
1439,132.0690698350973
1440,90.00482991363444
1441,72.96640656765048
1442,132.55252218890826
1443,113.24124369195727
1444,123.04176238670503
1445,106.82076161373877
1446,85.64790885919848
1447,79.6754554500315
1448,100.41601489634816
1449,79.76035901503346
1450,128.5870407419385
1451,80.473336537739
1452,97.50188950035795
1453,85.87415158751797
1454,101.5297666904094
1455,102.19981331479106
1456,73.03507533352526
1457,79.19810186350583
1458,92.28537928263397
1459,80.36095746276818
1460,86.97219229680083
1461,80.51335630368496
1462,105.56986823250314
1463,93.59273439415445
1464,93.21482206006979
1465,83.11632645420879
1466,122.1078587197604
1467,105.62444017359941
1468,103.06458958340835
1469,65.47726266314386
1470,72.64808900782711
1471,88.27554833280955
1472,47.955524666606244
1473,112.09435626356799
1474,75.20440458614013
1475,118.47045473610976
1476,86.59487727720035
1477,94.0148937592464
1478,100.74163496116203
1479,78.01813241830921
1480,76.22892899925752
1481,110.6390467828413
1482,101.41575629109876
1483,130.8908748540897
1484,126.16215381060675
1485,122.08951310157157
1486,93.84388056039302
1487,91.84640429973467
1488,153.65831510527374
1489,133.5866973429354
1490,85.94011441521496
1491,114.28653049192326
1492,86.97775511432242
1493,114.08934530520689
1494,84.89898852549868
1495,124.58363242252796
1496,85.68191228661837
1497,106.48982252792999
1498,130.70241141400328
1499,105.61812683380477
1500,69.61733692187138
1501,110.61249094252302
1502,108.04151423398561
1503,91.18306687650504
1504,92.67948060141946
1505,96.90219465646773
1506,118.52791696513242
1507,92.77185600856319
1508,78.5467885736236
1509,103.19399945404389
1510,106.94221653140893
1511,122.99422036925397
1512,80.2084551211988
1513,87.58024187322205
1514,124.75393754634207
1515,86.82771970275682
1516,95.11387727454905
1517,83.66624859620556
1518,78.87784563479248
1519,46.4717981398987
1520,108.58183141126152
1521,98.21356147987528
1522,123.21788227704006
1523,113.29045613115312
1524,94.2191113717091
1525,81.79307409635463
1526,108.42131914401972
1527,120.35529768474464
1528,105.03671908356642
1529,102.25819431690455
1530,94.92856404214295
1531,109.23229130351902
1532,82.9086024069489
1533,91.7795008158332
1534,121.52838019204023
1535,109.42299826780477
1536,116.63994611939981
1537,100.58855537868764
1538,108.70393563582506
1539,103.74611470359767
1540,120.04108512018024
1541,91.23156369712412
1542,120.76278786733425
1543,120.40729725466711
1544,73.98264166597849
1545,47.87107749814027
1546,87.89202478626666
1547,94.05200392088351
1548,117.60876819121813
1549,93.18910073145446
1550,98.68219410845671
1551,61.335267553924254
1552,95.32606582922152
1553,113.92241068860804
1554,99.50050861908949
1555,105.74390543658599
1556,112.27070909118437
1557,106.22356514433059
1558,89.11552944612123
1559,81.89827689371742
1560,94.8721976363451
1561,110.09805685518951
1562,107.82585846842632
1563,86.13275851309189
1564,103.0966907321652
1565,99.48107156173154
1566,98.68970588264695
1567,89.58388272701724
1568,94.33169324264333
1569,96.01095078137566
1570,92.28984448379167
1571,120.64999200440855
1572,125.96533587725956
1573,98.2086853046957
1574,95.76958135697733
1575,96.74567016524304
1576,99.98407044415129
1577,107.85465916470844
1578,105.19059955362754
1579,88.11994177733717
1580,100.07666469393506
1581,101.24470512577243
1582,39.090698471249006
1583,111.80071849266926
1584,83.43371563588121
1585,126.35439300466767
1586,72.4853322640723
1587,107.2807659349496
1588,98.32070636780423
1589,78.2358897804335
1590,91.17839938001806
1591,99.0523238944354
1592,98.50136969066982
1593,90.45933189185472
1594,95.30985589139941
1595,82.05219637352971
1596,123.41691649395406
1597,105.05687172582755
1598,108.14776458119547
1599,91.98535192979952
1600,88.95367063406849
1601,87.40461131951042
1602,107.36052020721566
1603,118.87978446998012
1604,97.53565402239522
1605,112.20946369065318
1606,92.48413377216299
1607,82.2532199911656
1608,87.36733725213328
1609,125.2597255349545
1610,76.67198724481028
1611,99.39166341955814
1612,86.02002017013884
1613,132.35087000110556
1614,94.99365644364684
1615,101.84224011286157
1616,73.12539849777765
1617,86.41117942362882
1618,104.50953614043331
1619,100.97577480697508
1620,129.71345840661914
1621,114.23699574266261
1622,121.47610040129578
1623,91.49251837665155
1624,104.02793690478404
1625,63.55220867486941
1626,87.45360349551922
1627,98.37011754319362
1628,43.21493679491521
1629,104.20719714692633
1630,105.31561709675036
1631,90.45291953016687
1632,79.61100263785339
1633,99.09759301509294
1634,120.25033231574923
1635,106.60714454652783
1636,78.74726760466886
1637,100.32538894951821
1638,117.89386266819771
1639,135.59362752898042
1640,87.48950484555304
1641,117.23431959111605
1642,89.80080566646609
1643,77.27113967930747
1644,87.93930474875101
1645,76.16063207273847
1646,72.041893493611
1647,114.22860669402948
1648,91.45540080094854
1649,102.10470939640307
1650,122.1486744463002
1651,167.26644923483104
1652,98.61139438899271
1653,89.85557277443644
1654,96.89418496481952
1655,76.4778724699704
1656,109.15545550780942
1657,88.13105565346959
1658,129.74012011167972
1659,92.72914118788049
1660,98.1287818044479
1661,72.23577248324614
1662,87.68930588303898
1663,128.70173883468198
1664,111.18856993417634
1665,79.15671030555075
1666,112.45768037526967
1667,102.81834358914837
1668,99.38712085214098
1669,103.55677845694666
1670,87.89584752715373
1671,102.7907710068408
1672,72.81052736368957
1673,98.57350428325766
1674,86.42950093907554
1675,76.19998617941086
1676,91.38388800006054
1677,77.16002899311297
1678,91.37097143028839
1679,121.74433002497817
1680,83.10272932132239
1681,66.51165492522522
1682,99.86266203337082
1683,105.44318185738288
1684,98.06828702581059
1685,77.3516805680427
1686,101.84136898640247
1687,98.46512782978145
1688,98.5300518062915
1689,72.2634926758127
1690,100.57234569097471
1691,87.33408119680288
1692,100.1246101901598
1693,123.45872937922228
1694,91.28686204657208
1695,123.79816124051246
1696,87.68690680979861
1697,106.20170041291499
1698,104.03737352981368
1699,94.02783665353162
1700,121.5813309196466
1701,105.52330983536736
1702,107.88358381874427
1703,88.63510826020955
1704,100.30105678919634
1705,114.0107235532239
1706,75.32618141611435
1707,98.16234368118889
1708,128.6570175993357
1709,74.03664508113022
1710,99.01731635425692
1711,99.26705603895424
1712,110.0871167005504
1713,97.0630345552356
1714,100.69357849068841
1715,105.14725112710262
1716,95.76824580210838
1717,97.87944446701948
1718,79.58662820800345
1719,108.41559618994367
1720,93.94157169539933
1721,88.01144626362007
1722,128.8249688855403
1723,83.5289446054679
1724,72.93981895829388
1725,129.36271091938397
1726,77.11573076603895
1727,94.87892504752617
1728,91.30132394971545
1729,91.80582502221228
1730,126.91392110873943
1731,105.20758017875042
1732,123.67781232089676
1733,104.05803660252441
1734,101.00738729478212
1735,87.2774113576448
1736,123.73677406242945
1737,93.1413259028253
1738,94.8355743489895
1739,87.5335126978317
1740,110.72650306988974
1741,100.99287802404291
1742,87.23066262842461
1743,59.71365880505935
1744,96.25628935790796
1745,84.48364744379808
1746,103.79288021216618
1747,120.8405622204059
1748,106.65846452233242
1749,106.82213587836348
1750,86.44702477343002
1751,94.14037285679674
1752,99.01030753528568
1753,120.84448966901502
1754,86.46987024579683
1755,66.37703898506001
1756,124.45437713675321
1757,91.41064043820379
1758,103.80589624570283
1759,96.37551794141567
1760,119.80184422956958
1761,82.35029240243114
1762,115.44157707999466
1763,91.06056890064328
1764,96.09467327939494
1765,92.88655261529934
1766,92.38585405624356
1767,104.63689798629356
1768,114.05490037399105
1769,90.9597967255623
1770,116.41636811372427
1771,94.92920293832307
1772,88.60700379085036
1773,90.5280293632561
1774,108.9416114638575
1775,88.55846907678725
1776,95.04684751556776
1777,104.68610802086215
1778,94.28891101258576
1779,91.1654712393583
1780,95.23120920959948
1781,91.0621694402593
1782,114.03299798859575
1783,76.43628399519446
1784,119.31455682176218
1785,63.92843739417156
1786,94.7860779624012
1787,71.91785996201399
1788,100.97411690742081
1789,98.24326844672876
1790,93.39299295259565
1791,100.64263559370559
1792,105.41015808977711
1793,92.841918804961
1794,100.26920324261089
1795,108.20026268832929
1796,81.60766625832946
1797,95.03800408069246
1798,102.50500113945525
1799,81.4914759807006
1800,140.06908032759472
1801,74.80420127115008
1802,155.72590762604625
1803,144.19080587708504
1804,106.37330328936267
1805,128.07513810009712
1806,126.42672848454481
1807,88.97571364045085
1808,95.0869760394671
1809,79.62749812177191
1810,82.73585465358424
1811,97.99131837512506
1812,124.83067719139069
1813,108.23035737497405
1814,98.18763894255626
1815,86.24995455499582
1816,91.26394158438838
1817,137.08301724777365
1818,73.69046798614795
1819,94.1418961735467
1820,96.13913082836173
1821,86.60191244548334
1822,106.6248290495997
1823,104.20855630421876
1824,65.05277846993596
1825,109.17153299978506
1826,108.65845634107202
1827,100.07357942807246
1828,80.04447736981551
1829,83.15351302747129
1830,98.75189462118412
1831,100.91954343008045
1832,110.77236325504857
1833,67.73752905473937
1834,87.93869668820264
1835,94.64348584317514
1836,124.91166793065216
1837,124.59895354819662
1838,103.19166228575652
1839,108.4600597597116
1840,75.00702573802882
1841,126.74571518453965
1842,85.722156487219
1843,91.0740131885661
1844,105.35742745334737
1845,115.13470861514102
1846,98.74110533774537
1847,91.8146970977064
1848,105.83417987779424
1849,56.905722231139876
1850,96.06837971673187
1851,104.89999419436487
1852,105.26055330666375
1853,73.94464980097389
1854,116.28121753413933
1855,116.52744029341595
1856,85.55761613630435
1857,83.56688709313516
1858,84.31521704572575
1859,84.4742926789444
1860,101.87199035332249
1861,99.89150833011206
1862,111.02266139418337
1863,121.99748008074046
1864,91.54074724069184
1865,106.21432244176984
1866,108.68511974587877
1867,80.48761761085434
1868,80.76351788548409
1869,94.28185601834545
1870,117.53182419470818
1871,105.25232242892623
1872,144.40756363331462
1873,75.21252611198753
1874,78.24039204886097
1875,120.4889817705104
1876,104.58736922637405
1877,81.64412056851116
1878,102.76033824590414
1879,112.42453416324065
1880,117.29935325291626
1881,101.78899577323725
1882,108.91875669736434
1883,82.88251588313472
1884,95.27252136238803
1885,83.07875224692548
1886,109.88436555938007
1887,102.51396318070914
1888,85.45092082103268
1889,41.10491779333684
1890,80.04125052142653
1891,84.48467867765682
1892,84.04456767782379
1893,115.16963557678457
1894,103.36690411287847
1895,75.08365361545314
1896,144.6135739202162
1897,135.27566873625233
1898,96.27652721274231
1899,87.29529628676944
1900,104.96808375140458
1901,86.33979024066032
1902,112.30019704283335
1903,123.64454170835484
1904,96.0782561033982
1905,102.338235378373
1906,54.33562892439183
1907,127.5182353524863
1908,117.33965119239107
1909,90.27190239662248
1910,80.59152588154004
1911,86.8427500419593
1912,73.01594079316055
1913,82.9983358396012
1914,74.20804064439994
1915,126.28842874291064
1916,95.61402781973483
1917,130.8251099818705
1918,119.02309065347553
1919,97.65258600708106
1920,98.6350421593797
1921,86.60317177719287
1922,106.3801836805673
1923,90.85266830043781
1924,86.77168815217313
1925,104.41912329787884
1926,73.95096134821578
1927,85.59551666637044
1928,114.68242450875735
1929,80.12660368118597
1930,93.42207259239557
1931,88.12181023787247
1932,100.24977007262851
1933,133.27913759994112
1934,80.00155735454807
1935,111.31581002363268
1936,79.07278653745259
1937,100.76217729388982
1938,40.3006996434268
1939,91.56746210509972
1940,100.89530385479071
1941,114.28868744001201
1942,61.86787703179178
1943,101.87061380800144
1944,125.61973948775449
1945,97.76191802250058
1946,109.08299339471189
1947,142.6389496933253
1948,112.0694302416447
1949,100.2569679350586
1950,96.06056751428366
1951,105.68772251460916
1952,112.43547901709313
1953,94.12711293192878
1954,106.72657131139312
1955,95.09834272553525
1956,64.9688702802407
1957,101.13418822047113
1958,86.4337891054133
1959,104.76927949648656
1960,107.30350347957061
1961,98.58120604774578
1962,91.8058100609839
1963,73.55237865476708
1964,78.3950131077529
1965,114.96969631324193
1966,90.49567169181249
1967,135.38390981844393
1968,73.09982139187596
1969,95.63443428167815
1970,98.9396354588135
1971,89.0653345369819
1972,101.398962427208
1973,78.42234598965038
1974,107.08288699025056
1975,104.07591829750439
1976,91.6046053358153
1977,94.5507873047995
1978,120.54372422344716
1979,130.3462469351486
1980,109.90369732114667
1981,116.6159717340763
1982,95.36603248348398
1983,109.98607177925969
1984,92.87947888855554
1985,93.45794189098062
1986,101.21591884964455
1987,104.16349529103763
1988,84.53136914456422
1989,99.67215856423158
1990,89.79537145221047
1991,97.97516979623384
1992,84.77108532175552
1993,69.52163302199021
1994,111.35547576583585
1995,89.57329992779147
1996,87.78956210031795
1997,86.05023539847008
1998,82.53301235951737
1999,95.26980113192405
2000,86.21057046965979
2001,74.01110408791978
2002,88.68581810973062
2003,89.05737992287371
2004,99.25987815189814
2005,74.32715383065992
2006,102.89923889565327
2007,91.92139663174682
2008,127.0354088508316
2009,125.34588039789801
2010,108.81580322968254
2011,127.62356139940228
2012,100.00630961212272
2013,86.88806079099061
2014,93.25692427270677
2015,76.97266945281989
2016,84.94843941258088
2017,94.07313948323093
2018,61.6622297712722
2019,88.43014956823335
2020,85.96072907917674
2021,107.97466035303104
2022,111.36102334943348
2023,92.35271413941736
2024,94.59671413464498
2025,103.46342551493262
2026,97.72748672212968
2027,64.01684094323075
2028,96.515647773683
2029,95.59157832983075
2030,108.39038941023851
2031,90.67588380150514
2032,96.0294149938672
2033,133.23654028938708
2034,98.2016534397654
2035,73.54187438318894
2036,86.50198436449497
2037,117.10253752600246
2038,101.81241546721374
2039,85.96128030623792
2040,89.01765782489443
2041,96.11837250618235
2042,105.89814934833663
2043,97.40374218491999
2044,123.71475114602137
2045,120.79233664562301
2046,98.4930968699536
2047,102.80877736837033
2048,84.39299819166263
2049,92.37113109828873
2050,124.69230679308862
2051,71.672258873365
2052,111.5571466833905
2053,98.43463784774106
2054,115.28941808893627
2055,110.64794800029783
2056,95.86821518797531
2057,125.91722440962823
2058,89.29330186562235
2059,80.91347796632097
2060,119.01555624481608
2061,100.08874766617814
2062,78.64010746707976
2063,102.32047786893192
2064,99.59767936856761
2065,122.2871110289814
2066,90.86510744792747
2067,77.3697075486757
2068,99.57558513187372
2069,44.862915773226426
2070,100.8439866903003
2071,78.98205959774566
2072,87.96359841881348
2073,104.18409023039737
2074,131.9591097650695
2075,101.40529007838869
2076,112.70905804637503
2077,126.46974859414021
2078,104.12744194014415
2079,123.42396819170935
2080,114.24903093801989
2081,110.992908837894
2082,87.03778794128786
2083,117.67073482446533
2084,99.87226794599233
2085,75.68904334972422
2086,120.42842984347621
2087,101.20941017077702
2088,126.11853203847876
2089,85.55376732851641
2090,89.29897881398858
2091,86.79008205128707
2092,107.60068997440493
2093,92.02616976102891
2094,70.47941229097458
2095,75.27484974581036
2096,139.18480648038494
2097,139.69007944996724
2098,108.6371710636726
2099,117.160340154095
2100,92.59024391152967
2101,98.27980353931233
2102,125.99452570713558
2103,86.46646454148006
2104,90.56119307176274
2105,100.88725665773677
2106,138.2552146054508
2107,102.32210534191651
2108,93.56330703101601
2109,83.96662095576293
2110,107.14120188346348
2111,89.08396393591158
2112,126.58697421085787
2113,87.33291661856191
2114,89.21114173869633
2115,96.68067541391045
2116,99.53068996399361
2117,133.90322541725467
2118,97.33726229187855
2119,111.92147781919462
2120,82.95512839821572
2121,130.47756364468626
2122,101.83494936162579
2123,124.04265372859324
2124,98.73637978357928
2125,84.38122737119723
2126,108.31905288323908
2127,82.4139209031829
2128,70.32328056086392
2129,122.83299698872506
2130,89.33873312699751
2131,75.73682422377112
2132,79.57765634193692
2133,94.06531822120019
2134,83.14040034230847
2135,71.36922205759168
2136,130.11455416521088
2137,89.3938463773652
2138,93.954403435048
2139,107.39024660356145
2140,88.28599224429837
2141,99.50633717970561
2142,116.476322325768
2143,58.462460882159085
2144,95.5770604115048
2145,94.52388321489781
2146,84.02880374885629
2147,86.94638959332644
2148,119.16094856685403
2149,72.19391725995203
2150,106.72065183931883
2151,97.6673088459525
2152,75.88066987637083
2153,93.65039372508113
2154,88.73133039029358
2155,121.2575465534275
2156,69.78041549244045
2157,108.92152570249287
2158,80.27947801349275
2159,99.66350843842673
2160,111.60450119201421
2161,81.63310673529588
2162,117.48434882562148
2163,54.45287234089533
2164,96.52828959479183
2165,74.18479518324689
2166,88.30364267652023
2167,92.69413695659338
2168,91.67054712518666
2169,95.58591513003299
2170,91.13661945370887
2171,84.14263348517025
2172,74.4888417259458
2173,111.92018114802546
2174,87.5833277480162
2175,91.62474516500052
2176,98.48646256492229
2177,94.36655238798139
2178,110.84892882740583
2179,124.28063442781837
2180,79.69128982722134
2181,104.54762118505965
2182,99.42476578402683
2183,67.61229242761235
2184,110.79962322534645
2185,94.64959307821294
2186,106.39384837857065
2187,87.60114468028758
2188,81.19514423971287
2189,117.94366516450273
2190,115.2576311408132
2191,100.73083435374213
2192,108.41019185649687
2193,79.88242871711003
2194,111.4904654791978
2195,107.65257073693667
2196,110.30078400006111
2197,122.99914012845066
2198,77.58386547898819
2199,117.83471917588162
2200,75.00528382219056
2201,126.81611606020134
2202,95.65332672573618
2203,115.97986918091313
2204,96.88267815546192
2205,106.16838959308853
2206,102.29512670829921
2207,109.85879096575975
2208,98.78520576353623
2209,108.87932522475003
2210,98.47260491242879
2211,99.64727644190408
2212,89.87567971386143
2213,73.21542533800019
2214,78.15755690980414
2215,105.7006984071346
2216,92.50781861692556
2217,61.65047393521842
2218,89.96280021556892
2219,88.83144343407703
2220,100.81272880594851
2221,48.23570515030144
2222,81.58570635617146
2223,89.70330884433181
2224,82.72499214166612
2225,96.20041510499306
2226,86.80203265861228
2227,98.88876601159994
2228,81.43942597446257
2229,120.74482081026102
2230,100.43025376618709
2231,102.39856592435122
2232,86.8062502651727
2233,89.1490327288804
2234,93.32095711487479
2235,106.18426635653572
2236,89.5832117524455
2237,97.45076852433937
2238,96.77456203960195
2239,62.76836455757596
2240,117.83939951023504
2241,106.65320024291653
2242,110.12024611114983
2243,95.09575444208922
2244,82.66704161041412
2245,75.05389885052097
2246,75.41030731343602
2247,111.05684511911319
2248,82.83288590071432
2249,92.07305206571112
2250,85.06704418506304
2251,70.24727818653247
2252,101.20314836411863
2253,103.61255644583284
2254,100.3561932019186
2255,101.22884426658774
2256,89.51544760396817
2257,85.48354691664176
2258,103.97027801639696
2259,104.72171175673022
2260,122.18386964764403
2261,98.78023892866439
2262,69.31032698692489
2263,128.88733645580888
2264,89.54377651012871
2265,72.72591849288696
2266,126.7300217703276
2267,120.77342090559563
2268,80.90659473915713
2269,101.94475828130712
2270,98.57044234647128
2271,94.64767701865516
2272,113.27807782255648
2273,37.390843770348276
2274,81.56996325293827
2275,95.3775541338634
2276,133.54325180153012
2277,91.63721494003069
2278,102.11733625319445
2279,135.25199334548262
2280,93.79115739867942
2281,87.04745374359564
2282,89.80300122906809
2283,109.51306807533314
2284,115.10742724613493
2285,82.31735576712984
2286,96.56087949578519
2287,84.30073646277752
2288,99.7765821356238
2289,111.36484399151648
2290,116.42411833778405
2291,79.90160559682167
2292,88.0624071618275
2293,71.94776138750599
2294,100.31084385411656
2295,105.52904959625765
2296,101.20107199992331
2297,79.57785458495685
2298,102.246175485323
2299,122.34965676189125
2300,90.31784779637208
2301,95.60048029556889
2302,87.30770314591659
2303,96.04871030787993
2304,103.04502476141751
2305,102.54449870204753
2306,127.84673436211132
2307,117.48967768940162
2308,111.22344917513232
2309,110.41027145144555
2310,90.69820214984918
2311,106.27855814605508
2312,77.90317804996779
2313,109.51893072929074
2314,86.83216785000833
2315,125.72477694594724
2316,93.0064769089135
2317,116.79400527157934
2318,75.69673274809861
2319,93.52073885811538
2320,79.9974460932655
2321,94.48103868023335
2322,83.96202258877817
2323,125.20727352186738
2324,98.12470698848973
2325,83.67992245115421
2326,95.19703474026022
2327,105.27041433987478
2328,99.17480969305278
2329,111.35803401971717
2330,138.44854576686103
2331,82.3866377551293
2332,112.80399958772887
2333,82.58274857605622
2334,90.60979737607467
2335,92.75649990655427
2336,90.83486814247412
2337,100.23502504872457
2338,111.93036360171628
2339,75.92667310989481
2340,107.64116902322134
2341,112.82835964379996
2342,81.32304159851745
2343,77.73344456040545
2344,70.13741723373292
2345,84.5389301602532
2346,128.1526987296235
2347,93.40450019244273
2348,79.77619173355961
2349,147.22388950131977
2350,90.03048493693143
2351,90.98112834701158
2352,51.79130325383007
2353,82.16867409014085
2354,139.29715845334226
2355,105.01135345527317
2356,87.30768687086484
2357,115.1199598323171
2358,92.65597705295428
2359,98.78434108888383
2360,103.18988718785555
2361,113.93053836477327
2362,79.65851606747177
2363,83.79788894509306
2364,107.4740829652852
2365,81.17880749209974
2366,87.46316281547706
2367,106.54827457382056
2368,98.79970342762317
2369,92.39574876247426
2370,62.3926253532483
2371,127.89391020966073
2372,91.56714616209456
2373,78.28252514282974
2374,115.78039192131004
2375,95.54279820224258
2376,102.09713310192191
2377,86.84313349451608
2378,101.00830355368004
2379,128.41494005116314
2380,97.24046329133694
2381,86.36674383827122
2382,156.29191877554376
2383,89.29049223021974
2384,73.4016584487611
2385,110.1492280164667
2386,72.90070984738419
2387,106.65937347798793
2388,87.89505860299755
2389,71.25416678639937
2390,101.39733963906205
2391,97.11731110239423
2392,118.5503377585429
2393,92.217328027618
2394,103.65854782674934
2395,89.55644823573442
2396,80.52371933733629
2397,82.07688908493876
2398,94.14120759762544
2399,97.33740551631969
2400,96.13168704129271
2401,87.22749692468099
2402,86.43425204884346
2403,92.43325451234472
2404,102.66087043935288
2405,97.15923722843817
2406,88.18877518672593
2407,97.93362895885785
2408,96.7081276874117
2409,94.90000658498163
2410,95.81356012954524
2411,63.53100810729516
2412,129.72161564918923
2413,81.31834609594907
2414,64.5895590798311
2415,112.75843696112494
2416,98.3872158568439
2417,91.56451273857546
2418,125.58004329963528
2419,104.5848568502131
2420,99.74180328335316
2421,93.62400194941455
2422,103.17566384397266
2423,57.912819503116346
2424,92.62531217444382
2425,68.94208557990541
2426,81.25854220237053
2427,91.49138605561608
2428,138.5738574986712
2429,108.27107853413672
2430,100.58492061665433
2431,91.20807470493928
2432,102.42776230055699
2433,79.9390504859785
2434,94.92024479973264
2435,95.14422206778578
2436,82.19398676836515
2437,101.9321808659086
2438,132.5992845950936
2439,118.39119232282998
2440,122.06751501815873
2441,99.51084797755563
2442,92.47658689811593
2443,73.80223102668725
2444,88.84531941678874
2445,105.71179035952704
2446,88.1881415745809
2447,120.54914278716295
2448,91.7443761526357
2449,110.88343981388017
2450,110.07452008438257
2451,88.50118161898939
2452,105.10294937738666
2453,70.91454552024646
2454,98.26010692787959
2455,80.50140248954267
2456,103.4418142588221
2457,95.35906652650368
2458,94.42026553310286
2459,96.44335742786771
2460,100.39836060256118
2461,81.99731794154832
2462,106.45031208579987
2463,160.00313283868516
2464,111.74767145458446
2465,108.2170360790052
2466,87.5908675946408
2467,78.35159566880533
2468,49.880007034266605
2469,77.51722211009233
2470,90.26512664833119
2471,112.923957098304
2472,80.05315374827899
2473,105.2020487559868
2474,110.84117791637674
2475,88.7893381350599
2476,94.10210084061906
2477,93.07201923871853
2478,84.13992938359519
2479,98.62987666180358
2480,83.7093500374065
2481,97.56586613947742
2482,109.21360057213846
2483,111.711468294396
2484,84.84129385180027
2485,112.75631176285411
2486,75.03759987109817
2487,96.81722548216585
2488,114.86578018522248
2489,125.43327562272475
2490,106.41915774204651
2491,74.56718918345877
2492,94.83772140630492
2493,113.5942316153242
2494,104.32010217121595
2495,94.73135926988334
2496,69.8704224206373
2497,105.68307653518423
2498,89.93315263217187
2499,81.30473432362794
2500,91.52158211752898
2501,87.70033517804492
2502,103.46243441171895
2503,99.49987198912916
2504,110.33641864700499
2505,59.36719391832477
2506,95.97570479125372
2507,94.00555350200379
2508,94.16163514284608
2509,96.50369514655124
2510,34.62916944093902
2511,96.18340778267628
2512,87.30913808328367
2513,119.21979240920336
2514,104.19311725685908
2515,87.70147972863819
2516,117.48444907242853
2517,77.00683207419769
2518,80.55307907411733
2519,114.50550670135476
2520,100.63964680494912
2521,92.47463742185879
2522,111.41940658496978
2523,81.52419557399324
2524,125.23023636268194
2525,100.6470900337058
2526,73.06637124719522
2527,109.94261113706338
2528,121.25635338400666
2529,98.99339176422046
2530,104.70257093326326
2531,113.36432799576836
2532,100.49955280107763
2533,111.68207306683061
2534,95.10709415726772
2535,92.80865627824367
2536,44.43812262489159
2537,110.85659405168226
2538,105.08470516247391
2539,99.8306963886933
2540,122.97646777549099
2541,73.54867232469633
2542,103.28361146356697
2543,86.83483242908513
2544,103.20144721730647
2545,110.16532956724532
2546,47.88735513195945
2547,92.98720689935266
2548,109.62735006023804
2549,98.9876838805759
2550,81.28659535008126
2551,55.00928132982295
2552,101.86368919003561
2553,123.65456123898528
2554,93.52378577201512
2555,94.66711964310325
2556,76.18428003793042
2557,81.66922989308584
2558,102.77146464499478
2559,93.6141396425185
2560,107.14918293540966
2561,83.95281649434958
2562,113.53480341541749
2563,94.00356381580809
2564,88.23083725250346
2565,80.03025830791715
2566,129.69703516383356
2567,79.4771404547968
2568,130.14675713889406
2569,100.80840329728154
2570,103.9934603002382
2571,91.93344097176673
2572,109.62006918866118
2573,99.28536252633413
2574,90.49680712114981
2575,127.52163909480532
2576,123.01878439912436
2577,91.52871608390099
2578,101.53787845709626
2579,82.56006848256096
2580,103.28106913051434
2581,104.72692392771111
2582,106.46000370436025
2583,105.11716620452476
2584,100.76268963484156
2585,119.54047341482415
2586,112.73453173107892
2587,102.42623330335772
2588,108.73738941218953
2589,93.15617528366631
2590,82.56536506893036
2591,96.30952200083058
2592,99.91566552567163
2593,104.92621310738582
2594,99.52767209787237
2595,79.2283453754064
2596,102.6166185269158
2597,98.59141693330389
2598,93.65631044088242
2599,137.08718291531315
2600,146.59648556365167
2601,82.44558191877226
2602,109.02864074553581
2603,128.8884971448923
2604,91.28417878739283
2605,94.41224602154944
2606,87.23568279946672
2607,87.71615959320165
2608,91.88727771497639
2609,124.86352736881054
2610,84.17084130072674
2611,115.03467915885105
2612,80.74203226509655
2613,87.58683792816208
2614,116.36580692120688
2615,88.48082159773232
2616,97.09408990519391
2617,89.08735714190647
2618,92.84370336630818
2619,116.5449831960571
2620,96.31136953111536
2621,88.19062142165465
2622,72.3776953291192
2623,75.97474333282108
2624,93.11417390613448
2625,82.1054836226966
2626,72.33513971301308
2627,93.51213922430767
2628,109.42543902771025
2629,98.36141410891912
2630,94.27269571075854
2631,87.4918449281594
2632,104.14896635699377
2633,72.356268640251
2634,76.59931166197866
2635,124.00916091434402
2636,95.19874976894577
2637,123.29150810141067
2638,92.11633570265933
2639,27.76137857996534
2640,103.42898630605673
2641,84.17808932363204
2642,90.96013674980343
2643,97.0112913320534
2644,101.63218175497373
2645,105.24550495968023
2646,110.07878368066159
2647,125.18857885296563
2648,146.0734695841333
2649,94.9287694125381
2650,87.5399628930142
2651,86.21794820982885
2652,88.53459032493414
2653,100.88583891594469
2654,88.87537750816726
2655,90.71107415829538
2656,89.88441010396507
2657,104.50200968841149
2658,89.2541441731899
2659,104.9769660350019
2660,82.91719881770831
2661,97.07411299275653
2662,55.93813087898199
2663,98.97736501877579
2664,124.70395913417036
2665,99.94966006968264
2666,72.93412648457645
2667,113.61337322376184
2668,58.02959612205888
2669,40.62071250826329
2670,75.03746599560782
2671,99.72748668926764
2672,76.23259782814237
2673,113.01975854868255
2674,78.3184111465564
2675,125.29222269462704
2676,87.12999630296247
2677,100.58705631279359
2678,73.71077444154982
2679,78.4686233034872
2680,76.7525305466398
2681,67.25458326485138
2682,100.08664066256746
2683,112.30578153586276
2684,75.33111116810849
2685,104.9378854808229
2686,123.04260107964484
2687,118.54514695643685
2688,117.75604778676555
2689,72.75999237445143
2690,107.93990526696955
2691,79.29235975498776
2692,101.49794474714099
2693,105.02692310409418
2694,109.97826334100586
2695,108.22790194062192
2696,94.0422189582781
2697,75.40159897646357
2698,138.9621257638712
2699,87.80015726796753
2700,38.215486709143235
2701,114.64897700370332
2702,85.82720309622775
2703,117.96633882030898
2704,103.89821651397428
2705,94.37239280514059
2706,79.19780195690497
2707,97.10340071458265
2708,97.92241627246938
2709,93.45205694584871
2710,123.07124593509127
2711,91.66483483270203
2712,83.73980220788239
2713,93.33600905086728
2714,113.51480378592441
2715,107.14066610511018
2716,111.33357169251543
2717,94.92095242676648
2718,117.26174619214439
2719,98.34491754905874
2720,88.39454143518579
2721,87.80564441713308
2722,117.0481065078636
2723,104.17840468943523
2724,69.1891462855414
2725,121.48467334832799
2726,124.95187588163603
2727,85.66683894761636
2728,86.64059136350542
2729,109.2413441829635
2730,99.58772693429233
2731,123.34878794720956
2732,100.92504955049661
2733,94.57248470898743
2734,96.96450854778634
2735,114.45115157884537
2736,120.82899531587114
2737,99.89363891626618
2738,87.95619225805467
2739,129.47883924824666
2740,88.90250135653399
2741,96.64944850175958
2742,101.67944810456757
2743,105.45920612116208
2744,59.90044470498633
2745,160.5342632804658
2746,85.35877454347963
2747,86.0597789131675
2748,105.88749000570832
2749,165.7076259789044
2750,134.13776871853756
2751,109.20548567493918
2752,125.67863982983818
2753,96.52122607245124
2754,54.45090492206942
2755,91.39723302286981
2756,105.32041450282489
2757,91.66409590308147
2758,110.41932528140592
2759,119.19918113199712
2760,95.49072790598362
2761,80.26778711790986
2762,107.0975355558782
2763,92.58208948884477
2764,97.54126633476696
2765,92.48832598509523
2766,83.36652735147312
2767,78.86478419969858
2768,118.31711504525012
2769,98.54472243050316
2770,95.33457159316656
2771,126.22743584059754
2772,146.24368634731252
2773,99.5520364551515
2774,132.91242847719752
2775,121.89395137637618
2776,104.672554082941
2777,103.54398700748821
2778,124.24488742495387
2779,130.34027510041528
2780,99.77498581859976
2781,78.0930186481542
2782,115.43358849203447
2783,84.45061406573
2784,82.42899105195433
2785,74.16111406323395
2786,101.62399827115996
2787,72.46964826054658
2788,112.24350087467228
2789,113.73462380076124
2790,79.20822291745915
2791,95.57024266343697
2792,107.45120935602047
2793,99.11126408398984
2794,96.30870467773445
2795,92.14112589551823
2796,104.4193452014889
2797,109.65267105687572
2798,115.01741405547989
2799,78.3025120574798
2800,81.4574075116345
2801,115.80458909729691
2802,127.42113180077007
2803,106.36440969969422
2804,73.18905164527837
2805,119.53627778431898
2806,86.61111875439768
2807,81.54095021147864
2808,130.1820393102135
2809,110.3364510039923
2810,97.45988693657955
2811,103.45242354175886
2812,94.1806781806123
2813,94.4477494862358
2814,106.93195055922175
2815,97.00517169718549
2816,100.69077100201471
2817,88.7170947537333
2818,80.88944058818011
2819,73.67124124394698
2820,94.21731060677517
2821,83.9440606664296
2822,100.948514585944
2823,94.14078571853477
2824,109.98128639510838
2825,111.15332334746455
2826,85.56514941285958
2827,103.14719078869831
2828,101.7903417798249
2829,102.45137590209089
2830,99.95321614775496
2831,111.99072330001677
2832,96.13155550005092
2833,96.17939107377397
2834,73.77425740713929
2835,92.72313822484121
2836,56.06612125086752
2837,76.84321485638887
2838,90.25599198236237
2839,84.29967367587557
2840,91.4898824109337
2841,93.93005654076211
2842,99.47289556951225
2843,121.18009154012124
2844,76.79670048482058
2845,152.9731023968019
2846,104.28831198813214
2847,97.18040263295956
2848,91.48195679198105
2849,91.1340526511678
2850,90.9747860923052
2851,110.3665434085315
2852,103.50484170335139
2853,102.41821739912506
2854,73.47909646827159
2855,106.06103973038469
2856,73.07675015476569
2857,25.357800402066403
2858,96.71715199055399
2859,93.48395275415916
2860,99.41315195941675
2861,99.40870539875625
2862,78.64522114049689
2863,95.12192508608479
2864,74.1239963674436
2865,94.20191366577225
2866,86.31121688310225
2867,80.7826030461576
2868,87.34137638347582
2869,140.78650586133386
2870,105.43471691925832
2871,108.75736941802262
2872,76.84852942948004
2873,80.9139558953263
2874,102.53961462854791
2875,120.69795361787138
2876,74.30208235665907
2877,82.46791183977776
2878,71.9358290640179
2879,147.72223471743757
2880,97.06238047856405
2881,85.8524334703487
2882,45.70113006613958
2883,93.02738345336843
2884,125.26371990296111
2885,79.39473340936536
2886,67.8731659117884
2887,74.84687744122512
2888,119.99521092193861
2889,105.89300916820412
2890,103.35085454608858
2891,88.89505543696727
2892,108.62690806198594
2893,89.9290780619373
2894,99.58067368435582
2895,91.94408651660262
2896,108.47823215380373
2897,97.44485810551592
2898,89.46024747158697
2899,103.47845904961245
2900,75.09326208044668
2901,101.06971055698163
2902,94.41407220391743
2903,94.29912128719094
2904,91.64744726052996
2905,109.14161198858892
2906,84.25351778311291
2907,102.55290606364866
2908,80.9460581648787
2909,83.79858660119679
2910,119.10679817685447
2911,96.15876817618025
2912,107.25756220483034
2913,102.32393136391187
2914,101.27225278970953
2915,102.7644581595253
2916,83.6424576934757
2917,82.92917795115183
2918,79.03749237657054
2919,68.6019468978197
2920,83.05807154895484
2921,110.93992064057267
2922,104.1852737940178
2923,112.29048706277656
2924,85.12946416688565
2925,93.37514013486458
2926,128.33501782454914
2927,98.86301097493144
2928,91.14760166307468
2929,72.9821206924781
2930,94.69364095475983
2931,85.54537720090146
2932,84.49162594726677
2933,89.76770276734737
2934,98.14183163527191
2935,98.5545871579209
2936,104.95844717166123
2937,107.40863942905654
2938,83.27555146805341
2939,104.36635821192446
2940,81.94478701444928
2941,112.02804345396773
2942,100.197546031078
2943,117.94637356372237
2944,92.32646963940984
2945,59.52225696523088
2946,95.09436898766376
2947,90.36146732664162
2948,86.75814320240575
2949,96.29239937176445
2950,99.15568892439717
2951,83.57506239704601
2952,93.13868664765793
2953,86.24538109918038
2954,108.31561987017298
2955,116.1931998161566
2956,101.20357596599551
2957,99.68901454461778
2958,88.80064635820267
2959,99.06826565650618
2960,98.73925587685605
2961,112.60224967265103
2962,77.20530123112091
2963,108.47584322422284
2964,86.80336609744111
2965,80.53854165858401
2966,63.02460098049947
2967,73.21599541716631
2968,110.5255900297196
2969,75.99008747658397
2970,97.6499184715482
2971,75.87108759153496
2972,47.32519294111999
2973,96.48096295038269
2974,98.10031399426404
2975,102.83117029382447
2976,113.15271389386226
2977,90.88532824002355
2978,98.31765991542518
2979,103.11622559145292
2980,128.7569600526462
2981,91.1099349234447
2982,126.7661977671983
2983,129.06022460651084
2984,110.66363903167586
2985,71.09213756502577
2986,101.38896078880714
2987,85.52276640927673
2988,95.16098738266314
2989,94.92888393407729
2990,108.94517718926053
2991,99.98305055140422
2992,133.8842356468515
2993,74.10205556302692
2994,76.87390804820433
2995,93.25550152422765
2996,78.75566057978737
2997,96.63458686174623
2998,99.23385379875296
2999,106.1831569024582
3000,117.57410370093001
3001,129.09970056802482
3002,118.15737470093015
3003,82.78837296486687
3004,75.69467242632811
3005,82.47995848831991
3006,88.52851759883973
3007,139.25545690299597
3008,113.2542689191939
3009,122.16840276633633
3010,100.31645141587029
3011,98.20902598656407
3012,91.89439280188911
3013,76.31613109949222
3014,64.90444405173554
3015,133.90580013486976
3016,108.22868180505235
3017,115.06658440188983
3018,129.12740053859298
3019,105.07856462074828
3020,119.10314604837099
3021,106.1387154620831
3022,87.68399261669069
3023,74.17899743660945
3024,89.03120099421336
3025,77.66361935376406
3026,72.25143129353599
3027,99.87837464568715
3028,98.33873843766906
3029,126.89250022095364
3030,94.16774304766918
3031,110.69993725038412
3032,107.21066820021507
3033,94.07730179242503
3034,99.3805730012511
3035,101.19787600619566
3036,78.23922033516195
3037,74.06956526752016
3038,99.57328034897944
3039,115.90639929607603
3040,71.0091226915336
3041,92.2578498564053
3042,89.42967269089847
3043,80.16135174503846
3044,99.46959830006514
3045,86.64925504408163
3046,64.82255494750575
3047,81.48602345576143
3048,88.14957836101978
3049,129.91945575860612
3050,87.5162682763877
3051,83.01091727445302
3052,88.30901818435393
3053,95.83411743081605
3054,93.61563873709125
3055,134.97946004057408
3056,67.54214152079425
3057,99.89194242880899
3058,140.30642993252872
3059,79.33701798718916
3060,108.68349363804732
3061,106.49997955556455
3062,84.77598546418987
3063,102.95775145091957
3064,98.75370472235004
3065,102.09538050193053
3066,123.84691411959324
3067,86.40616799399402
3068,101.60236765065281
3069,100.97901082956786
3070,94.21549876561473
3071,93.77950551041648
3072,97.3951008247224
3073,79.47063164457488
3074,106.48788682157421
3075,121.6727923143476
3076,89.46254670439393
3077,107.2725088561313
3078,72.11246190219116
3079,97.08559269487323
3080,111.64500262803688
3081,106.7484266408045
3082,78.226667979658
3083,79.79834817362028
3084,102.03688066837407
3085,102.91062242703181
3086,107.62890828877373
3087,97.98623564116008
3088,91.34910860520834
3089,116.73282749429649
3090,124.7365763133163
3091,107.94053616491603
3092,123.73608853066865
3093,96.26235012497416
3094,98.66265338181287
3095,84.86690955387017
3096,87.38365468521226
3097,98.34498025416231
3098,84.15498568504243
3099,112.40295615384815
3100,112.73424451917117
3101,87.01959033890809
3102,101.74457100570255
3103,82.19619637030075
3104,84.2014589532346
3105,78.77140645886595
3106,77.6511523977126
3107,109.8285035025587
3108,93.73339447484231
3109,80.73885868768403
3110,125.0597311357117
3111,79.73583479866825
3112,62.115959783486026
3113,82.1086400561866
3114,90.9172584835867
3115,100.95091006861163
3116,90.71864030164723
3117,94.46174382957102
3118,148.59950808009523
3119,95.73043599327299
3120,83.3354546541057
3121,125.49415894483371
3122,107.50690935405828
3123,72.06292071128807
3124,94.65411876029341
3125,82.83959200999453
3126,71.8630442534195
3127,84.47826929023275
3128,75.24531605815162
3129,86.4661740309315
3130,76.74643414165479
3131,97.94423609153095
3132,104.44318908356826
3133,79.06834364431363
3134,85.47943359773944
3135,90.20265551328207
3136,143.46619237566978
3137,89.07714645198647
3138,89.12436765659963
3139,89.65754593145085
3140,94.83526971105735
3141,144.5840181044891
3142,107.61909960059013
3143,91.74139248189786
3144,88.9889617951307
3145,84.04718058301414
3146,79.18494475440826
3147,76.10264565155657
3148,96.7471475453365
3149,105.78640422653004
3150,75.01038977223962
3151,99.21034957470332
3152,66.84379993891778
3153,110.35098842708582
3154,112.39655300142685
3155,122.77471016150909
3156,101.49882833966879
3157,97.8970972338236
3158,91.94574603311914
3159,73.79453845874387
3160,107.55793831873646
3161,102.0032300757867
3162,118.1906411250483
3163,101.01745577923039
3164,74.02240964428846
3165,82.37685625602565
3166,98.65452675884313
3167,82.81731171057275
3168,95.12361679269854
3169,106.40315136991644
3170,88.7442933810604
3171,107.21086948516898
3172,128.83027801390062
3173,105.63469327116019
3174,66.41288647723466
3175,107.00862354247757
3176,119.24484880865498
3177,53.092614094510836
3178,77.86526168817848
3179,79.52765611102826
3180,92.6907649643114
3181,91.94159527819669
3182,98.85147744213418
3183,93.3354608351311
3184,114.13745968212218
3185,123.46615085276326
3186,96.81006741386426
3187,82.9902982681272
3188,76.30192669730505
3189,82.56246345969687
3190,92.54851925196093
3191,123.05025279467358
3192,97.10551583007062
3193,108.35047699210311
3194,87.24148280163341
3195,113.96083532131829
3196,122.90533797733734
3197,60.47817635245198
3198,110.62092290443223
3199,105.76124977034918
3200,106.29743167396046
3201,108.05945021773329
3202,37.51685107740689
3203,115.45667866083468
3204,75.41848821138167
3205,127.16257168652638
3206,90.59025946653371
3207,102.18127681220679
3208,63.118663516607256
3209,83.74431028427485
3210,95.87062158686678
3211,114.72141337317771
3212,96.6408009558532
3213,117.40957305073607
3214,98.75742742963563
3215,81.89414721846127
3216,102.40881168988857
3217,78.1336955093823
3218,116.91100429067001
3219,94.60328355783327
3220,96.80176880286731
3221,80.60776464124366
3222,109.25245537493151
3223,93.9769290735737
3224,129.71858113602096
3225,96.53990982712308
3226,32.121611000093836
3227,105.72290736560815
3228,102.8887711020981
3229,96.85836688686123
3230,123.08199767815728
3231,114.37271777168958
3232,82.11693581302659
3233,102.78332214381872
3234,95.88961147208569
3235,91.65386076138648
3236,80.06478915886376
3237,115.05646533912306
3238,96.66565177787747
3239,84.43087690437956
3240,95.71072940204479
3241,123.57541588797503
3242,73.44934340777651
3243,95.62904134079405
3244,82.085838137261
3245,89.07938675919485
3246,78.44286557554327
3247,70.43141173391378
3248,97.07620554563994
3249,107.6889138952429
3250,56.33381211316565
3251,95.8987125121514
3252,99.80077529333813
3253,102.68317235336261
3254,122.38634633327905
3255,121.78459331239843
3256,116.06544543368167
3257,84.12573110374268
3258,94.88406741086445
3259,93.64516678735247
3260,130.46555411778525
3261,87.30974114604378
3262,104.52878758060838
3263,105.50899887203765
3264,133.478153965091
3265,97.6253745735741
3266,65.78195495361004
3267,78.15882356746889
3268,94.30981634193687
3269,96.77001185725514
3270,96.00316710679425
3271,86.50038649353105
3272,93.05572689379285
3273,110.53805387168653
3274,94.90742042690226
3275,96.48629526191326
3276,80.56697932183422
3277,71.41180631815533
3278,89.6462358033623
3279,101.16737099758913
3280,110.26892243315197
3281,90.38316200132702
3282,83.88378800099649
3283,90.20573147467563
3284,82.7093802510112
3285,88.0702924426717
3286,76.42615288241893
3287,103.91202160809155
3288,99.86603264396027
3289,97.31255315724478
3290,121.03444840669846
3291,72.82615463863426
3292,95.21751645948017
3293,117.14017054362171
3294,94.20443785423646
3295,118.7781595243788
3296,110.23481453179524
3297,72.85483609061815
3298,102.6125070044686
3299,105.59147882095216
3300,89.29747328347497
3301,110.553491524294
3302,138.4499180149934
3303,91.06524973932065
3304,90.52686175169826
3305,73.38081604202144
3306,76.0602420213597
3307,107.74289169349585
3308,94.13892515648944
3309,107.22945383255558
3310,99.76723442652327
3311,90.00729419449519
3312,148.88814137977755
3313,83.46818787032586
3314,113.62065281937178
3315,101.20648700577001
3316,89.67868039121225
3317,94.77519194643071
3318,82.69803622204881
3319,103.77960121712947
3320,101.76487183197592
3321,91.35745248108903
3322,73.92322261381126
3323,91.99962153741276
3324,127.93795526077588
3325,113.05462880018419
3326,94.69136843553778
3327,103.48970530384
3328,63.955558737253725
3329,96.0516668056781
3330,121.36187918674011
3331,80.60857302706734
3332,104.17146284157971
3333,115.04767816594546
3334,98.55631397858292
3335,97.47625315239108
3336,111.09136123738753
3337,89.66921786875054
3338,89.92554242953447
3339,92.07932366921135
3340,80.58852968696803
3341,93.02072668779743
3342,134.46580352385638
3343,103.1338634868846
3344,70.4995766720285
3345,108.88202927288087
3346,95.00373457944076
3347,74.99910801062671
3348,79.67318166757249
3349,77.62315123382103
3350,91.17220477588873
3351,80.28497009240846
3352,90.57802860347624
3353,131.06363269049436
3354,95.60090445390952
3355,108.45761769574177
3356,96.21495009515807
3357,75.91088969103754
3358,100.81648030868477
3359,97.53311260990482
3360,89.05336825720386
3361,93.74904837337563
3362,85.2418257004983
3363,88.07280166249163
3364,99.17691521871599
3365,94.43894458004598
3366,122.1242819049955
3367,113.13377339579186
3368,86.11193695615691
3369,106.88079920125843
3370,88.31557063705912
3371,91.78329893651345
3372,96.61583296718815
3373,113.65634523321837
3374,122.76348248062838
3375,103.61217501694708
3376,123.92363175566261
3377,131.182558730861
3378,98.92762940727137
3379,106.13295207967636
3380,91.18951439760488
3381,88.24713951112855
3382,103.6902329564403
3383,85.638552363873
3384,79.66524301879
3385,102.86393097093112
3386,82.25550285416597
3387,74.87007308277269
3388,126.1992681769237
3389,106.50403969238428
3390,120.0925577029143
3391,94.69320726088165
3392,104.88312912358278
3393,96.42468503668543
3394,96.4768676785532
3395,92.26673032213958
3396,106.96337467843976
3397,97.74534347494924
3398,85.10336110296078
3399,97.78492171433491
3400,94.67605284338339
3401,85.9924948845104
3402,93.53800376332318
3403,108.70355607699712
3404,105.51407073747126
3405,77.37440415819262
3406,92.81671436493878
3407,90.50604853800232
3408,91.67563892735745
3409,122.37296187303957
3410,117.94072581887325
3411,113.55460247591563
3412,83.73742325840274
3413,100.48840309145014
3414,97.68729266589318
3415,98.1824969623567
3416,85.48616643194765
3417,136.2765454997677
3418,106.69520744108522
3419,75.74515880296947
3420,91.93816631795762
3421,104.46566924037737
3422,109.95299374038105
3423,63.46903962229969
3424,89.38023111542465
3425,106.95411872501644
3426,103.55130151511224
3427,93.27809649284923
3428,102.6931248653552
3429,87.1527123000312
3430,108.94434865088787
3431,128.62568804069878
3432,97.68896948829563
3433,123.8805088186659
3434,79.89045016639042
3435,70.6908921883566
3436,95.44575514117548
3437,92.41348714241977
3438,74.12377495409063
3439,100.92897526359637
3440,113.14018996337916
3441,96.50953072264087
3442,75.87474932704842
3443,88.72512176917967
3444,121.5120444999421
3445,108.51106410309342
3446,107.39452327115252
3447,85.12469829131021
3448,93.68609650028418
3449,88.93972867571338
3450,112.2470918500097
3451,69.22464581033233
3452,82.79665201424353
3453,131.76032472140938
3454,150.51159823825571
3455,79.28209300548727
3456,127.84135292432289
3457,94.08245898733765
3458,93.7906603034077
3459,98.77478358277735
3460,133.90814151725826
3461,100.58487429070838
3462,114.30710197184456
3463,101.76839417284936
3464,77.41337989052133
3465,88.74661710790588
3466,81.81347942388803
3467,75.4557626482283
3468,124.10960790085645
3469,85.4599925837198
3470,98.07012574282746
3471,108.11662117744696
3472,85.81564870683567
3473,121.5837427583762
3474,96.6872931167178
3475,94.82591656213724
3476,97.72697786577329
3477,94.18855297921331
3478,107.0987287228226
3479,97.74388065391385
3480,112.99442053651535
3481,80.79635770803505
3482,95.80001901150523
3483,91.79724935159832
3484,134.70727470727476
3485,132.3347001703931
3486,83.68010976490388
3487,73.86893717753624
3488,79.07094278882508
3489,88.95770245028253
3490,116.12232952543823
3491,82.41344579173544
3492,115.0727491406343
3493,93.46168116308874
3494,90.47078516539541
3495,101.13548710463469
3496,81.15965237693067
3497,112.33118138882912
3498,100.84980924024636
3499,73.11540935502087
3500,101.16717971423255
3501,95.40572322002721
3502,107.64596911444254
3503,122.29782337896317
3504,108.73939864773108
3505,103.41515437585447
3506,83.87299756028007
3507,77.04494362765364
3508,75.9827178010683
3509,75.22730969230837
3510,86.9369863561094
3511,93.12722433909124
3512,96.59829849235743
3513,84.51219758981132
3514,94.01378967661611
3515,61.922676496141975
3516,104.7429324212739
3517,158.010298282166
3518,104.15783579027398
3519,100.54608809327898
3520,103.45634145028218
3521,74.03946559508796
3522,123.5337481563699
3523,116.8585089506072
3524,84.62176408664355
3525,103.63163971885753
3526,80.60467087602723
3527,114.21529979643401
3528,82.63840950119994
3529,62.609673330645464
3530,95.89455658127515
3531,92.41089873642626
3532,84.67344049977274
3533,93.72217008174462
3534,93.94599806428374
3535,83.88511482864836
3536,104.01018222118319
3537,104.03008677491594
3538,99.29429245044582
3539,109.57811049687412
3540,106.11578627295589
3541,108.99691692264541
3542,101.65670400108704
3543,87.37790772459928
3544,95.30705599855915
3545,97.05111054489655
3546,80.25151888704772
3547,131.30589867196306
3548,73.17686514821852
3549,92.15104941834547
3550,77.59915533307542
3551,107.27175429358618
3552,121.14181328947791
3553,69.54359074464185
3554,100.49816693485573
3555,115.96323721670845
3556,72.22574113597024
3557,103.1341326482574
3558,110.21278048500727
3559,74.63963711746607
3560,89.7858189712973
3561,99.79050918671182
3562,87.72850560128754
3563,80.76992970159016
3564,111.96527944449403
3565,69.30897437099158
3566,81.6728051347094
3567,86.22804405109298
3568,78.60216491588287
3569,109.25307308333241
3570,118.14607512340777
3571,94.3136538795761
3572,83.80191172216283
3573,98.97788346598547
3574,92.58187468533916
3575,101.21056241422664
3576,95.93742423167082
3577,100.22710315277786
3578,74.75915324962338
3579,80.24701658448052
3580,64.80031078492912
3581,105.02946220019301
3582,97.00159806010387
3583,88.35859564519694
3584,87.53289805983665
3585,101.44732733464156
3586,102.0618924241915
3587,132.01951737885622
3588,81.99748329159091
3589,91.61501226384624
3590,82.89444682206695
3591,115.14179965592763
3592,82.26105184803123
3593,94.15714508420339
3594,101.1933059247061
3595,121.52990079318641
3596,79.95667337125549
3597,161.926678237719
3598,109.42987185091503
3599,82.35544754618681
3600,82.73227116806481
3601,113.439240902079
3602,104.59035614189743
3603,69.41900360212436
3604,96.00435614936367
3605,129.0656480250256
3606,66.39840305073417
3607,125.82897180210155
3608,132.2374143084905
3609,92.17024772415375
3610,49.50985758547966
3611,70.56025279777494
3612,99.58911028345236
3613,92.70648332520894
3614,79.27911256559352
3615,115.65677763675217
3616,103.30692016828966
3617,79.94905476704318
3618,78.99143493976321
3619,86.1523197534247
3620,88.69142800064228
3621,84.211111422669
3622,107.40446399955978
3623,92.7744738518745
3624,116.96390897277183
3625,122.1808674442656
3626,93.99783466514702
3627,97.61357046439201
3628,104.46832626097466
3629,132.01134925265998
3630,74.12668410349212
3631,83.9230664411066
3632,89.11691847861142
3633,93.18644366635188
3634,125.49779142152232
3635,103.07252840193615
3636,128.67557029368356
3637,108.8560719072927
3638,111.97121511422347
3639,117.33608574032763
3640,107.92457608598212
3641,115.73717562367375
3642,85.32554765946217
3643,87.122293221022
3644,100.33841145704027
3645,109.97120833638884
3646,106.03891220345582
3647,95.46894482004711
3648,110.72928379710973
3649,95.70208080319367
3650,101.83133721798582
3651,120.4182602863901
3652,122.6534234097388
3653,93.48174246400994
3654,108.61068891249427
3655,77.51376157939286
3656,97.40349868330235
3657,92.78164697117721
3658,108.00912271261325
3659,80.32662358910335
3660,95.42909346574277
3661,89.23584499509828
3662,102.35129656737843
3663,65.55251899278792
3664,95.94528118563372
3665,85.4060668718163
3666,127.44184244642618
3667,92.61346962634354
3668,87.25542932551909
3669,84.33780115078488
3670,91.0307875409092
3671,89.30905619614732
3672,108.06505199533538
3673,95.26388801775806
3674,100.92443420275623
3675,118.02306305640202
3676,85.4936586265348
3677,80.39318990291558
3678,111.18922881806945
3679,89.80920328659059
3680,123.69891204855753
3681,88.03281287860003
3682,110.1803130447727
3683,83.87625949668384
3684,90.98548517126054
3685,81.78355037502467
3686,127.1363268978647
3687,71.9387854999103
3688,90.86928982357185
3689,108.53143371822577
3690,80.54860648218141
3691,95.3604425919872
3692,106.02453177230944
3693,105.62545690064331
3694,121.93912171147443
3695,80.57340187668316
3696,113.72135941832317
3697,71.63545977744442
3698,97.05235541099677
3699,118.46413763233201
3700,78.55764955903203
3701,81.42453410707277
3702,101.18894165201277
3703,111.19794351594818
3704,96.91260001358806
3705,77.1638260225044
3706,67.99437283450189
3707,91.39238339732846
3708,109.79114429875241
3709,67.39312867424937
3710,90.99747423648613
3711,75.58381502295009
3712,112.8198383616578
3713,124.87538054713747
3714,73.8708723199862
3715,77.90021462404042
3716,59.070322044589325
3717,94.25278126423498
3718,96.05757408587472
3719,90.50560181712132
3720,108.30802186937873
3721,99.34110960114738
3722,116.06301280026378
3723,103.89467508989411
3724,91.33818634536621
3725,110.42858945543801
3726,38.49146332520262
3727,93.33223845963559
3728,96.70619734673247
3729,98.60948568226206
3730,85.69924493328115
3731,93.60519082898806
3732,79.31606311319044
3733,124.03813462846492
3734,105.29918732184768
3735,78.29692776061499
3736,86.17257160211803
3737,99.43177290398532
3738,89.21457407252824
3739,80.69322442761424
3740,91.29754843526315
3741,104.53979825138185
3742,121.09458342026363
3743,80.59012249841844
3744,89.41090691618555
3745,94.20534267223925
3746,146.69285775756737
3747,125.35528379447655
3748,128.20509506649012
3749,92.73891694602699
3750,105.33471683531339
3751,75.8122323278621
3752,95.68579856175471
3753,119.8712105910775
3754,91.21140105650412
3755,114.16554906075203
3756,97.53578085411311
3757,100.41284409055835
3758,91.65380740945764
3759,85.36192370950191
3760,96.78192653094901
3761,95.1117364522556
3762,87.00589056872715
3763,118.06814667805303
3764,71.22833648433213
3765,80.80749199421628
3766,74.05036548699735
3767,118.36527333907242
3768,94.12871751352547
3769,83.63177789732977
3770,72.97539542345974
3771,75.34204022147537
3772,83.58119901812816
3773,80.88935833674707
3774,124.34829866470602
3775,106.59896396251075
3776,110.68922803845196
3777,73.91008711611317
3778,111.78558427567803
3779,110.35292319735976
3780,86.01803061645904
3781,102.69774752506734
3782,135.143425805079
3783,100.68554670113834
3784,84.34738666928754
3785,99.07936892959907
3786,100.04698877315315
3787,107.2168184362187
3788,73.0788285376561
3789,78.72794374767273
3790,91.2610194599801
3791,94.83962326733312
3792,101.7871038494342
3793,77.41606407652176
3794,116.4430024734197
3795,102.45005089993332
3796,114.58720111699702
3797,72.57213118685748
3798,106.6151366232916
3799,93.25165384266442
3800,110.465875907397
3801,82.78132769729673
3802,112.95821144967643
3803,111.60965888692621
3804,97.52474308296648
3805,81.19234880497234
3806,93.8173949938224
3807,93.8197984758668
3808,95.70656342438127
3809,87.56179760026491
3810,65.59291180345235
3811,83.96044797881368
3812,112.02516446766796
3813,111.8305712121995
3814,89.41836381836441
3815,74.90109759567767
3816,116.56752268193023
3817,118.01883492448292
3818,120.72150054336466
3819,96.61069871140691
3820,81.52343473567446
3821,79.62073095357266
3822,95.48687145172771
3823,101.51277488290711
3824,93.94723858933723
3825,99.90219889563629
3826,91.2672721542258
3827,93.53447167394638
3828,95.93477781009355
3829,121.19016098129904
3830,91.56196821967727
3831,88.45165770785098
3832,119.14106976603436
3833,87.85453429060694
3834,75.56470899354937
3835,83.50522006540514
3836,85.67641322925867
3837,74.84918664018298
3838,108.29913989884928
3839,70.92148327340513
3840,109.5627135146495
3841,134.90641891365289
3842,78.62887888357389
3843,94.94857253316941
3844,129.22235274604435
3845,99.08437105046112
3846,97.71315188164003
3847,119.69642596698532
3848,82.2212594687572
3849,91.04100903627307
3850,86.84183958140264
3851,100.39767858938121
3852,109.66473221054005
3853,113.25259431853229
3854,103.53751264541174
3855,117.28547377711524
3856,101.99952588778825
3857,96.95944578584799
3858,131.68589213035727
3859,107.40508881551409
3860,90.80429663392131
3861,94.74286248165187
3862,94.29347911720684
3863,72.42620566474835
3864,96.72250625304041
3865,72.35309979324732
3866,104.39164970861118
3867,117.30698363359592
3868,85.80615629579292
3869,99.49771742604166
3870,97.80452306612248
3871,108.15002741129669
3872,81.24673890572285
3873,95.96068637699763
3874,115.1047144016186
3875,104.9798582559979
3876,114.26189626683653
3877,52.80767435906354
3878,105.08730341994597
3879,94.67961368996274
3880,82.91259843603683
3881,96.47884908375332
3882,102.15942078700822
3883,84.09510273691018
3884,113.6400293763176
3885,79.54466348067676
3886,99.9392225376905
3887,128.30586950817906
3888,126.36152127068544
3889,105.95653636900772
3890,107.19879396217024
3891,83.41674239949582
3892,122.77851347663105
3893,105.27234828210474
3894,83.91930137272556
3895,91.63264701992587
3896,109.39839923230981
3897,80.63729697205312
3898,131.12828991644687
3899,115.70218930401816
3900,75.14026789129507
3901,77.62933195366041
3902,103.12997729473373
3903,110.3565808126494
3904,89.44479538186216
3905,106.63730128712906
3906,161.65026618257536
3907,147.20205167266158
3908,129.56200530865058
3909,80.41930755159606
3910,116.21813002161164
3911,87.61734602618219
3912,101.7406139403059
3913,101.95340580720246
3914,74.76504612519628
3915,94.29809455994334
3916,117.40084517757938
3917,138.47353203406675
3918,127.24765358706563
3919,92.97231267329732
3920,16.15527255541717
3921,79.25855401189297
3922,79.34975531195262
3923,98.96956571008535
3924,104.44157093248421
3925,97.77827736711677
3926,94.97525349849775
3927,35.14650494173936
3928,92.62882763977186
3929,99.04859181414687
3930,102.95873193465465
3931,89.7297691342148
3932,79.00913800907603
3933,96.74836918802276
3934,101.39616534460065
3935,84.52082676849471
3936,104.17004267564104
3937,77.10388108845109
3938,97.18716773429784
3939,91.67141529262977
3940,92.87655696090863
3941,83.87042393654994
3942,97.96919386805055
3943,102.05630859097988
3944,102.13277731513823
3945,83.08475138427454
3946,86.99247705667668
3947,113.42004259633167
3948,107.16504837125507
3949,110.35911364451604
3950,100.57069290135999
3951,109.86307543938413
3952,116.53097504594317
3953,121.02054368753235
3954,74.99212616107303
3955,135.1822743152776
3956,69.49794827479045
3957,137.56337009890925
3958,114.98056714604374
3959,116.84615946243017
3960,129.04662961178627
3961,89.40692791852187
3962,123.89977460014785
3963,86.65907717099705
3964,97.10238851289107
3965,42.42162684171625
3966,86.16444810913954
3967,76.32302216294752
3968,70.61528991374865
3969,91.92203508635939
3970,96.78271958047479
3971,106.07618409208104
3972,94.78180362815053
3973,72.2492281186707
3974,80.8537334260271
3975,86.30523426026411
3976,82.76525799855334
3977,86.68302514322556
3978,98.65559743484462
3979,73.73477045675887
3980,103.54314912208405
3981,84.51019981223233
3982,96.80656857669526
3983,83.13172252571054
3984,86.45645812302647
3985,111.7296644076838
3986,92.90467081982806
3987,103.27635672198147
3988,74.60899415721033
3989,97.76115644155979
3990,93.96780404117857
3991,141.8520770678848
3992,101.29573109026492
3993,103.7456364189513
3994,75.46466408736501
3995,107.44692451833957
3996,94.7430054534237
3997,93.00049471767129
3998,79.18199366001474
3999,121.99760095559827
4000,132.3271562881998
